Date time,Home (kWh),From Powerwall (kWh),Solar Energy (kWh),From Grid (kWh),To Grid (kWh)
2020-05-01T01:00:00-07:00,11.2,0.0,0.0,12.4,0.0
2020-05-02T01:00:00-07:00,12.4,0.0,0.0,13.6,0.0
2020-05-03T01:00:00-07:00,10.7,0.0,0.0,11.9,0.0
2020-05-04T01:00:00-07:00,12.9,0.0,0.0,14.1,0.0
2020-05-05T01:00:00-07:00,18.3,0.0,0.0,19.5,0.0
2020-05-06T01:00:00-07:00,29.2,0.0,0.0,30.4,0.0
2020-05-07T01:00:00-07:00,23.8,0.0,0.0,25.0,0.0
2020-05-08T01:00:00-07:00,31.6,0.0,0.0,32.8,0.0
2020-05-09T01:00:00-07:00,36.5,0.0,0.0,37.7,0.0
2020-05-10T01:00:00-07:00,39.8,0.0,0.0,41.0,0.0
2020-05-11T01:00:00-07:00,30.3,0.0,0.0,31.4,0.0
2020-05-12T01:00:00-07:00,15.4,0.0,0.0,16.6,0.0
2020-05-13T01:00:00-07:00,16.1,0.0,0.0,17.3,0.0
2020-05-14T01:00:00-07:00,20.8,0.0,0.0,22.1,0.0
2020-05-15T01:00:00-07:00,20.2,0.0,0.0,21.5,0.0
2020-05-16T01:00:00-07:00,13.3,0.0,0.0,14.5,0.0
2020-05-17T01:00:00-07:00,9.8,0.0,0.0,11.1,0.0
2020-05-18T01:00:00-07:00,21.2,7.1,31.8,11.3,4.3
2020-05-19T01:00:00-07:00,18.6,6.4,58.4,0.1,12.8
2020-05-20T01:00:00-07:00,19.1,12.7,21.9,0.1,6.4
2020-05-21T01:00:00-07:00,22.0,10.6,42.2,0.2,15.3
2020-05-22T01:00:00-07:00,18.8,9.6,36.9,0.1,14.3
2020-05-23T01:00:00-07:00,26.2,11.7,44.4,0.2,18.4
2020-05-24T01:00:00-07:00,28.9,11.8,63.4,0.2,31.9
2020-05-25T01:00:00-07:00,14.4,7.5,14.3,0.1,0.1
2020-05-26T01:00:00-07:00,15.7,7.6,56.2,0.1,33.7
2020-05-27T01:00:00-07:00,25.4,12.6,80.2,0.1,58.0
2020-05-28T01:00:00-07:00,20.5,4.9,66.9,0.1,37.4
2020-05-29T01:00:00-07:00,11.2,6.1,68.3,0.1,56.5
2020-05-30T01:00:00-07:00,7.9,5.0,7.6,0.1,0.1
2020-05-31T01:00:00-07:00,8.0,3.4,33.2,0.1,18.2
2020-06-01T01:00:00-07:00,8.3,3.2,76.5,0.1,66.9
2020-06-02T01:00:00-07:00,8.0,3.2,41.1,0.1,31.7
2020-06-03T01:00:00-07:00,65.3,17.6,68.5,0.2,10.9
2020-06-04T01:00:00-07:00,26.3,12.5,51.3,0.1,18.3
2020-06-05T01:00:00-07:00,25.7,10.1,45.5,0.1,16.9
2020-06-06T01:00:00-07:00,37.9,13.9,65.8,0.2,26.3
2020-06-07T01:00:00-07:00,28.4,13.4,55.3,0.1,27.5
2020-06-08T01:00:00-07:00,17.6,6.7,55.9,0.1,28.7
2020-06-09T01:00:00-07:00,11.4,5.9,23.9,0.2,12.7
2020-06-10T01:00:00-07:00,29.7,12.9,67.3,0.1,42.7
2020-06-11T01:00:00-07:00,20.0,7.0,49.0,0.2,19.9
2020-06-12T01:00:00-07:00,9.9,4.7,17.7,0.1,4.6
2020-06-13T01:00:00-07:00,10.9,4.9,46.9,0.1,35.2
2020-06-14T01:00:00-07:00,11.4,4.6,58.1,0.1,45.2
2020-06-15T01:00:00-07:00,9.9,4.5,32.1,0.1,20.3
2020-06-16T01:00:00-07:00,10.1,3.9,62.1,0.1,49.7
2020-06-17T01:00:00-07:00,27.0,11.8,69.9,0.1,48.8
2020-06-18T01:00:00-07:00,20.0,7.6,80.0,0.1,52.3
2020-06-19T01:00:00-07:00,33.4,10.6,60.7,0.1,30.0
2020-06-20T01:00:00-07:00,53.6,31.7,54.3,0.2,16.0
2020-06-21T01:00:00-07:00,14.0,6.3,47.6,0.1,8.5
2020-06-22T01:00:00-07:00,59.5,15.6,78.2,0.1,19.9
2020-06-23T01:00:00-07:00,26.2,12.9,67.4,0.1,40.3
2020-06-24T01:00:00-07:00,39.1,17.5,50.4,0.2,13.1
2020-06-25T01:00:00-07:00,28.5,11.8,78.2,0.4,45.1
2020-06-26T01:00:00-07:00,18.5,9.0,60.5,0.1,37.5
2020-06-27T01:00:00-07:00,13.5,7.9,15.9,0.1,0.1
2020-06-28T01:00:00-07:00,18.0,10.3,58.3,0.1,40.3
2020-06-29T01:00:00-07:00,13.1,6.2,58.1,0.1,37.4
2020-06-30T01:00:00-07:00,12.4,6.3,20.9,0.1,6.9
2020-07-01T01:00:00-07:00,18.9,8.9,35.8,0.1,19.0
2020-07-02T01:00:00-07:00,33.6,16.4,37.9,0.2,0.7
2020-07-03T01:00:00-07:00,46.7,29.9,42.6,0.1,11.5
2020-07-04T01:00:00-07:00,37.2,12.4,66.0,0.2,9.9
2020-07-05T01:00:00-07:00,41.9,14.6,77.6,0.1,35.1
2020-07-06T01:00:00-07:00,32.7,11.2,70.3,0.1,30.9
2020-07-07T01:00:00-07:00,18.7,11.4,27.6,0.1,3.1
2020-07-08T01:00:00-07:00,17.9,4.9,59.7,0.1,42.1
2020-07-09T01:00:00-07:00,49.6,31.1,42.2,0.2,15.4
2020-07-10T01:00:00-07:00,55.1,15.0,68.2,0.2,0.2
2020-07-11T01:00:00-07:00,21.9,9.4,46.0,0.1,6.1
2020-07-12T01:00:00-07:00,27.1,13.3,55.6,0.1,33.3
2020-07-13T01:00:00-07:00,16.9,7.2,67.1,0.1,42.6
2020-07-14T01:00:00-07:00,31.4,14.1,78.0,0.1,50.9
2020-07-15T01:00:00-07:00,39.8,19.9,75.1,0.1,40.8
2020-07-16T01:00:00-07:00,40.1,20.9,57.2,0.2,8.7
2020-07-17T01:00:00-07:00,29.6,18.1,24.8,0.2,0.2
2020-07-18T01:00:00-07:00,36.9,16.4,76.3,0.1,29.6
2020-07-19T01:00:00-07:00,48.2,17.1,74.1,0.2,25.4
2020-07-20T01:00:00-07:00,39.9,13.1,74.6,0.2,26.2
2020-07-21T01:00:00-07:00,32.0,14.1,72.4,0.1,37.2
2020-07-22T01:00:00-07:00,33.9,21.3,30.9,0.2,0.3
2020-07-23T01:00:00-07:00,35.4,9.7,66.2,0.2,22.2
2020-07-24T01:00:00-07:00,14.7,7.3,48.2,0.1,31.3
2020-07-25T01:00:00-07:00,26.7,12.3,75.9,0.1,50.8
2020-07-26T01:00:00-07:00,26.2,6.9,75.0,0.1,43.1
2020-07-27T01:00:00-07:00,36.5,15.7,72.0,0.1,37.0
2020-07-28T01:00:00-07:00,28.4,16.1,68.2,0.1,34.5
2020-07-29T01:00:00-07:00,64.9,31.1,74.1,0.1,24.6
2020-07-30T01:00:00-07:00,27.8,11.4,70.4,0.1,24.4
2020-07-31T01:00:00-07:00,9.7,4.6,67.5,0.1,48.7
2020-08-01T01:00:00-07:00,15.4,11.6,51.0,0.1,42.9
2020-08-02T01:00:00-07:00,18.8,10.4,68.1,0.1,44.6
2020-08-03T01:00:00-07:00,44.7,29.2,64.6,0.2,36.3
2020-08-04T01:00:00-07:00,41.6,11.5,69.7,0.1,7.4
2020-08-05T01:00:00-07:00,39.4,12.1,69.6,0.1,29.4
2020-08-06T01:00:00-07:00,33.0,25.9,12.1,0.2,0.2
2020-08-07T01:00:00-07:00,21.7,7.5,63.5,0.1,10.9
2020-08-08T01:00:00-07:00,15.1,8.8,31.7,0.1,12.9
2020-08-09T01:00:00-07:00,26.8,10.0,72.8,0.2,46.9
2020-08-10T01:00:00-07:00,38.4,16.7,71.0,0.1,32.5
2020-08-11T01:00:00-07:00,22.0,11.2,65.6,0.1,39.5
2020-08-12T01:00:00-07:00,35.3,21.5,42.3,0.2,9.6
2020-08-13T01:00:00-07:00,33.6,13.0,70.4,0.1,32.4
2020-08-14T01:00:00-07:00,43.2,18.8,70.9,0.2,29.9
2020-08-15T01:00:00-07:00,35.6,21.2,70.4,0.2,27.4
2020-08-16T01:00:00-07:00,92.0,45.8,60.8,6.0,0.2
2020-08-17T01:00:00-07:00,45.5,10.2,68.0,8.6,0.1
2020-08-18T01:00:00-07:00,43.2,14.7,67.0,0.1,17.1
2020-08-19T01:00:00-07:00,37.6,22.9,56.3,0.1,27.8
2020-08-20T01:00:00-07:00,29.8,13.0,46.0,0.1,2.1
2020-08-21T01:00:00-07:00,21.8,12.2,29.4,0.1,6.6
2020-08-22T01:00:00-07:00,24.1,15.3,66.2,0.1,41.0
2020-08-23T01:00:00-07:00,23.1,9.8,66.6,0.1,40.1
2020-08-24T01:00:00-07:00,23.4,11.0,65.0,0.1,41.1
2020-08-25T01:00:00-07:00,21.4,12.1,68.4,0.1,47.6
2020-08-26T01:00:00-07:00,27.1,16.4,67.9,0.1,43.6
2020-08-27T01:00:00-07:00,36.6,21.5,66.9,0.1,29.1
2020-08-28T01:00:00-07:00,39.6,16.4,67.4,0.1,21.2
2020-08-29T01:00:00-07:00,30.6,14.4,39.8,0.2,3.8
2020-08-30T01:00:00-07:00,47.7,27.4,62.0,0.2,26.1
2020-08-31T01:00:00-07:00,22.3,10.5,54.4,0.2,13.7
2020-09-01T01:00:00-07:00,31.4,11.2,64.3,0.1,30.9
2020-09-02T01:00:00-07:00,39.7,15.6,64.2,0.1,26.4
2020-09-03T01:00:00-07:00,37.4,13.8,63.8,0.1,23.9
2020-09-04T01:00:00-07:00,37.4,19.8,57.2,0.1,19.3
2020-09-05T01:00:00-07:00,28.8,12.1,43.2,0.2,4.8
2020-09-06T01:00:00-07:00,30.1,1.4,61.0,16.1,40.2
2020-09-07T01:00:00-07:00,37.1,0.0,62.0,17.3,41.3
2020-09-08T01:00:00-07:00,23.0,0.0,58.8,14.6,49.4
2020-09-09T01:00:00-07:00,45.0,0.0,58.0,21.7,34.7
2020-09-10T01:00:00-07:00,64.6,0.5,57.6,31.4,24.0
2020-09-11T01:00:00-07:00,34.3,17.1,45.6,0.2,18.0
2020-09-12T01:00:00-07:00,29.9,20.6,8.4,1.8,0.2
2020-09-13T01:00:00-07:00,23.4,11.1,22.3,3.4,0.1
2020-09-14T01:00:00-07:00,19.1,7.9,18.8,5.0,0.1
2020-09-15T01:00:00-07:00,21.8,11.8,29.5,0.7,0.2
2020-09-16T01:00:00-07:00,28.7,19.4,27.8,0.2,0.2
2020-09-17T01:00:00-07:00,23.0,9.7,34.1,0.2,0.2
2020-09-18T01:00:00-07:00,16.9,12.8,10.1,0.2,0.2
2020-09-19T01:00:00-07:00,16.1,8.4,15.3,3.4,0.2
2020-09-20T01:00:00-07:00,18.7,11.6,38.5,0.2,0.2
2020-09-21T01:00:00-07:00,14.6,8.0,26.3,0.2,4.2
2020-09-22T01:00:00-07:00,24.8,10.3,44.6,0.2,21.0
2020-09-23T01:00:00-07:00,26.4,23.0,4.6,0.2,0.2
2020-09-24T01:00:00-07:00,16.8,8.3,20.9,2.6,0.1
2020-09-25T01:00:00-07:00,28.6,8.3,14.9,10.1,0.1
2020-09-26T01:00:00-07:00,23.1,11.5,34.2,2.6,0.1
2020-09-27T01:00:00-07:00,24.9,13.9,47.8,0.2,11.4
2020-09-28T01:00:00-07:00,32.0,13.6,54.0,0.2,16.5
2020-09-29T01:00:00-07:00,37.6,16.5,53.4,0.2,15.6
2020-09-30T01:00:00-07:00,30.4,16.9,32.9,0.2,3.1
2020-10-01T01:00:00-07:00,27.3,14.2,29.7,0.2,0.1
2020-10-02T01:00:00-07:00,16.8,9.9,37.9,0.1,11.3
2020-10-03T01:00:00-07:00,12.3,7.3,9.0,0.2,0.2
2020-10-04T01:00:00-07:00,16.1,9.7,14.3,0.2,0.2
2020-10-05T01:00:00-07:00,16.2,9.1,34.0,0.2,6.9
2020-10-06T01:00:00-07:00,22.9,11.9,43.4,0.2,20.0
2020-10-07T01:00:00-07:00,35.9,29.7,17.6,0.2,0.2
2020-10-08T01:00:00-07:00,28.1,12.6,23.8,7.0,0.1
2020-10-09T01:00:00-07:00,9.6,4.9,21.1,1.1,0.1
2020-10-10T01:00:00-07:00,9.4,5.6,25.0,0.1,0.1
2020-10-11T01:00:00-07:00,9.1,5.9,8.1,0.1,0.1
2020-10-12T01:00:00-07:00,42.6,27.5,24.2,0.2,0.2
2020-10-13T01:00:00-07:00,26.8,12.3,34.8,2.4,0.2
2020-10-14T01:00:00-07:00,26.2,17.7,34.9,0.3,0.3
2020-10-15T01:00:00-07:00,25.9,17.6,34.2,0.2,3.7
2020-10-16T01:00:00-07:00,42.3,18.7,6.9,20.0,0.1
2020-10-17T01:00:00-07:00,30.0,3.0,8.8,22.4,0.1
2020-10-18T01:00:00-07:00,14.2,1.0,5.3,10.3,0.1
2020-10-19T01:00:00-07:00,13.2,2.5,7.2,7.2,0.1
2020-10-20T01:00:00-07:00,14.8,5.2,28.3,3.1,0.1
2020-10-21T01:00:00-07:00,24.8,18.7,21.1,0.2,0.4
2020-10-22T01:00:00-07:00,18.9,14.0,19.8,0.1,0.1
2020-10-23T01:00:00-07:00,28.4,9.1,5.9,18.1,0.1
2020-10-24T01:00:00-07:00,32.0,11.9,22.7,11.5,0.1
2020-10-25T01:00:00-07:00,36.4,10.2,34.2,14.0,0.1
2020-10-26T01:00:00-07:00,45.4,16.8,21.9,16.3,0.2
2020-10-27T01:00:00-07:00,18.7,6.8,26.3,6.5,0.1
2020-10-28T01:00:00-07:00,24.6,12.5,8.5,6.6,0.2
2020-10-29T01:00:00-07:00,21.5,8.5,15.4,7.9,0.1
2020-10-30T01:00:00-07:00,19.9,6.4,30.5,4.2,0.1
2020-10-31T01:00:00-07:00,26.0,18.7,35.1,0.1,2.1
2020-11-01T01:00:00-07:00,22.7,13.5,36.3,0.2,5.4
2020-11-02T01:00:00-08:00,22.2,13.2,33.1,0.1,5.1
2020-11-03T01:00:00-08:00,17.8,14.4,6.8,0.2,0.2
2020-11-04T01:00:00-08:00,13.8,9.4,9.9,0.1,0.1
2020-11-05T01:00:00-08:00,44.4,6.1,2.3,36.6,0.1
2020-11-06T01:00:00-08:00,34.4,3.0,16.9,27.3,0.1
2020-11-07T01:00:00-08:00,39.2,0.7,7.0,33.2,0.0
2020-11-08T01:00:00-08:00,37.6,15.0,33.9,10.5,0.2
2020-11-09T01:00:00-08:00,47.2,5.1,9.8,34.1,0.1
2020-11-10T01:00:00-08:00,29.9,3.5,11.8,19.1,0.1
2020-11-11T01:00:00-08:00,35.6,2.5,10.1,26.8,0.0
2020-11-12T01:00:00-08:00,32.9,2.9,9.0,25.2,0.1
2020-11-13T01:00:00-08:00,22.9,9.7,19.6,7.9,0.1
2020-11-14T01:00:00-08:00,24.9,3.2,5.8,18.0,0.1
2020-11-15T01:00:00-08:00,18.6,6.2,21.6,8.2,0.1
2020-11-16T01:00:00-08:00,19.2,8.0,2.1,9.7,0.1
2020-11-17T01:00:00-08:00,16.3,3.7,7.3,10.3,0.1
2020-11-18T01:00:00-08:00,21.9,0.4,3.5,18.9,0.0
2020-11-19T01:00:00-08:00,25.1,9.2,16.3,10.9,0.1
2020-11-20T01:00:00-08:00,34.0,1.3,7.4,27.3,0.1
2020-11-21T01:00:00-08:00,34.0,12.4,20.7,15.5,0.1
2020-11-22T01:00:00-08:00,34.0,0.0,5.0,29.9,0.0
2020-11-23T01:00:00-08:00,34.1,1.5,7.9,26.8,0.0
2020-11-24T01:00:00-08:00,25.8,1.2,4.5,22.3,0.0
2020-11-25T01:00:00-08:00,21.4,8.5,18.3,7.7,0.1
2020-11-26T01:00:00-08:00,14.6,3.4,5.3,8.4,0.1
2020-11-27T01:00:00-08:00,18.4,8.0,22.4,6.4,0.1
2020-11-28T01:00:00-08:00,21.0,9.3,5.7,8.9,0.1
2020-11-29T01:00:00-08:00,27.6,6.9,14.8,16.5,0.1
2020-11-30T01:00:00-08:00,25.0,8.1,23.2,10.5,0.1
2020-12-01T01:00:00-08:00,32.5,11.5,24.6,14.4,0.2
2020-12-02T01:00:00-08:00,31.0,15.3,25.2,8.3,0.9
2020-12-03T01:00:00-08:00,36.4,9.5,9.8,21.2,0.1
2020-12-04T01:00:00-08:00,28.6,13.9,24.2,7.8,0.1
2020-12-05T01:00:00-08:00,38.7,16.4,24.1,15.7,0.2
2020-12-06T01:00:00-08:00,25.5,1.4,7.8,18.6,0.1
2020-12-07T01:00:00-08:00,24.8,2.9,8.3,17.8,0.1
2020-12-08T01:00:00-08:00,29.4,0.0,2.5,27.8,0.0
2020-12-09T01:00:00-08:00,25.6,1.3,6.4,20.3,0.0
2020-12-10T01:00:00-08:00,36.1,0.8,6.4,30.6,0.0
2020-12-11T01:00:00-08:00,32.8,2.6,8.9,25.3,0.1
2020-12-12T01:00:00-08:00,36.8,8.9,15.9,22.9,0.1
2020-12-13T01:00:00-08:00,69.7,0.0,3.9,69.6,0.0
2020-12-14T01:00:00-08:00,51.3,3.0,6.8,47.0,0.0
2020-12-15T01:00:00-08:00,18.7,1.8,4.5,15.2,0.1
2020-12-16T01:00:00-08:00,21.7,0.0,2.4,19.7,0.0
2020-12-17T01:00:00-08:00,18.5,6.3,13.0,10.2,0.1
2020-12-18T01:00:00-08:00,21.7,2.2,4.1,16.1,0.0
2020-12-19T01:00:00-08:00,26.2,0.0,1.8,25.3,0.0
2020-12-20T01:00:00-08:00,25.1,0.0,3.2,22.6,0.0
2020-12-21T01:00:00-08:00,68.0,0.4,2.7,66.2,0.0
2020-12-22T01:00:00-08:00,58.6,11.4,18.9,41.8,0.1
2020-12-23T01:00:00-08:00,59.1,5.0,16.1,43.9,0.0
2020-12-24T01:00:00-08:00,73.9,7.9,21.5,54.2,0.0
2020-12-25T01:00:00-08:00,65.2,0.0,3.5,62.5,0.0
2020-12-26T01:00:00-08:00,33.2,2.0,7.4,26.8,0.0
2020-12-27T01:00:00-08:00,27.0,0.9,6.4,21.7,0.0
2020-12-28T01:00:00-08:00,31.6,7.4,23.3,18.1,0.2
2020-12-29T01:00:00-08:00,38.7,6.6,3.3,29.3,0.1
2020-12-30T01:00:00-08:00,25.8,0.0,3.3,23.5,0.0
2020-12-31T01:00:00-08:00,22.1,1.3,5.7,17.0,0.1
2021-01-01T01:00:00-08:00,29.1,0.4,3.2,26.9,0.0
2021-01-02T01:00:00-08:00,27.4,0.0,2.3,25.8,0.0
2021-01-03T01:00:00-08:00,34.4,2.1,8.2,27.5,0.0
2021-01-04T01:00:00-08:00,32.3,0.0,3.2,30.1,0.0
2021-01-05T01:00:00-08:00,31.7,0.0,2.4,29.9,0.0
2021-01-06T01:00:00-08:00,29.7,6.9,15.1,16.5,0.1
2021-01-07T01:00:00-08:00,30.1,2.3,10.0,20.9,0.1
2021-01-08T01:00:00-08:00,24.2,0.0,3.6,21.5,0.0
2021-01-09T01:00:00-08:00,23.3,6.8,13.7,11.4,0.1
2021-01-10T01:00:00-08:00,66.6,2.6,8.6,59.1,0.1
2021-01-11T01:00:00-08:00,23.7,0.0,2.4,22.2,0.0
2021-01-12T01:00:00-08:00,28.7,0.0,3.8,25.6,0.0
2021-01-13T01:00:00-08:00,23.3,8.4,25.1,8.0,1.1
2021-01-14T01:00:00-08:00,23.4,14.2,19.3,1.7,0.2
2021-01-15T01:00:00-08:00,35.1,8.2,16.4,18.3,0.1
2021-01-16T01:00:00-08:00,28.0,2.0,8.3,21.0,0.1
2021-01-17T01:00:00-08:00,33.2,1.5,8.3,26.2,0.1
2021-01-18T01:00:00-08:00,27.2,8.2,16.4,12.3,0.1
2021-01-19T01:00:00-08:00,32.2,7.1,16.2,17.5,0.1
2021-01-20T01:00:00-08:00,25.8,5.4,13.7,13.8,0.1
2021-01-21T01:00:00-08:00,33.8,2.2,9.0,25.7,0.1
2021-01-22T01:00:00-08:00,38.0,11.1,24.6,17.2,0.1
2021-01-23T01:00:00-08:00,49.8,11.1,20.2,30.0,0.1
2021-01-24T01:00:00-08:00,38.6,0.9,6.1,33.7,0.0
2021-01-25T01:00:00-08:00,19.1,8.4,20.3,5.6,0.1
2021-01-26T01:00:00-08:00,32.4,11.1,12.1,17.1,0.1
2021-01-27T01:00:00-08:00,25.2,13.0,19.8,7.9,0.1
2021-01-28T01:00:00-08:00,25.8,3.1,7.7,18.9,0.1
2021-01-29T01:00:00-08:00,27.6,5.6,14.4,15.0,0.1
2021-01-30T01:00:00-08:00,35.5,0.0,5.3,31.0,0.0
2021-01-31T01:00:00-08:00,53.5,0.0,3.4,50.3,0.0
2021-02-01T01:00:00-08:00,33.0,0.4,3.6,30.5,0.0
2021-02-02T01:00:00-08:00,57.9,0.5,10.4,48.4,0.0
2021-02-03T01:00:00-08:00,73.2,5.0,24.8,50.0,0.1
2021-02-04T01:00:00-08:00,48.0,0.0,4.6,43.9,0.0
2021-02-05T01:00:00-08:00,38.5,1.1,8.4,31.2,0.0
2021-02-06T01:00:00-08:00,33.4,0.0,5.6,28.7,0.0
2021-02-07T01:00:00-08:00,36.1,11.4,24.7,13.4,0.2
2021-02-08T01:00:00-08:00,26.3,5.6,14.2,13.6,0.2
2021-02-09T01:00:00-08:00,37.0,12.1,38.7,10.7,7.4
2021-02-10T01:00:00-08:00,29.5,16.1,27.7,4.1,0.1
2021-02-11T01:00:00-08:00,36.4,5.7,8.3,23.0,0.0
2021-02-12T01:00:00-08:00,49.3,0.0,4.2,66.2,0.3
2021-02-13T01:00:00-08:00,34.4,5.7,0.1,31.6,0.0
2021-02-14T01:00:00-08:00,42.6,14.4,0.1,28.3,0.1
2021-02-15T01:00:00-08:00,37.8,0.0,1.4,37.8,0.0
2021-02-16T01:00:00-08:00,41.1,9.6,22.8,20.5,0.1
2021-02-17T01:00:00-08:00,40.9,9.2,22.2,20.5,0.1
2021-02-18T01:00:00-08:00,45.1,0.7,11.0,34.9,0.0
2021-02-19T01:00:00-08:00,40.1,8.6,19.3,22.7,0.1
2021-02-20T01:00:00-08:00,34.3,15.1,28.3,8.6,0.2
2021-02-21T01:00:00-08:00,28.9,6.6,15.0,15.1,0.1
2021-02-22T01:00:00-08:00,22.6,3.7,9.4,14.6,0.1
2021-02-23T01:00:00-08:00,24.3,9.2,37.1,5.5,6.4
2021-02-24T01:00:00-08:00,26.1,16.3,35.5,0.1,6.8
2021-02-25T01:00:00-08:00,36.7,25.8,13.5,3.8,0.2
2021-02-26T01:00:00-08:00,27.5,12.0,31.3,7.9,0.2
2021-02-27T01:00:00-08:00,35.4,25.2,32.4,0.2,0.2
2021-02-28T01:00:00-08:00,33.8,11.8,18.5,14.9,0.1
2021-03-01T01:00:00-08:00,48.2,10.0,32.7,17.5,0.1
2021-03-02T01:00:00-08:00,78.1,9.6,18.7,61.1,0.1
2021-03-03T01:00:00-08:00,38.2,17.9,46.9,10.4,3.8
2021-03-04T01:00:00-08:00,21.1,14.0,23.0,0.2,0.2
2021-03-05T01:00:00-08:00,30.1,14.3,11.1,8.9,0.2
2021-03-06T01:00:00-08:00,31.8,10.0,37.0,9.4,0.3
2021-03-07T01:00:00-08:00,23.9,17.6,28.5,0.2,0.2
2021-03-08T01:00:00-08:00,20.9,11.8,42.1,0.1,8.9
2021-03-09T01:00:00-08:00,25.3,14.6,31.4,0.1,2.8
2021-03-10T01:00:00-08:00,30.4,18.9,52.9,0.2,24.6
2021-03-11T01:00:00-08:00,50.3,20.3,54.7,0.2,1.5
2021-03-12T01:00:00-08:00,49.9,22.6,51.0,0.3,4.5
2021-03-13T01:00:00-08:00,37.0,17.1,42.3,0.3,0.3
2021-03-14T01:00:00-08:00,29.2,15.9,8.4,6.6,0.2
2021-03-15T01:00:00-07:00,27.8,10.7,51.9,3.9,0.2
2021-03-16T01:00:00-07:00,23.4,9.6,54.9,0.1,27.4
2021-03-17T01:00:00-07:00,37.1,14.4,46.4,0.2,8.3
2021-03-18T01:00:00-07:00,20.4,13.9,14.0,0.2,0.2
2021-03-19T01:00:00-07:00,16.7,6.7,32.1,0.2,1.4
2021-03-20T01:00:00-07:00,18.4,11.8,20.3,0.2,0.2
2021-03-21T01:00:00-07:00,20.2,16.4,7.0,0.2,0.2
2021-03-22T01:00:00-07:00,11.8,6.1,34.2,0.2,3.5
2021-03-23T01:00:00-07:00,14.6,7.8,47.3,0.1,30.1
2021-03-24T01:00:00-07:00,8.6,5.1,11.1,0.1,1.4
2021-03-25T01:00:00-07:00,13.8,6.9,43.0,0.1,28.5
2021-03-26T01:00:00-07:00,17.7,10.7,28.8,0.1,12.0
2021-03-27T01:00:00-07:00,26.8,12.2,41.0,0.2,12.0
2021-03-28T01:00:00-07:00,15.7,8.8,9.8,0.2,0.2
2021-03-29T01:00:00-07:00,21.2,11.5,48.4,0.1,19.7
2021-03-30T01:00:00-07:00,25.7,10.2,63.3,0.1,33.2
2021-03-31T01:00:00-07:00,33.5,12.2,62.8,0.1,26.2
2021-04-01T01:00:00-07:00,26.8,11.2,48.7,0.1,22.2
2021-04-02T01:00:00-07:00,31.1,10.9,47.4,0.2,9.4
2021-04-03T01:00:00-07:00,18.7,9.2,39.1,0.1,18.2
2021-04-04T01:00:00-07:00,20.3,9.9,26.3,0.1,5.0
2021-04-05T01:00:00-07:00,19.8,9.9,63.1,0.1,40.0
2021-04-06T01:00:00-07:00,17.2,8.6,63.7,0.1,44.6
2021-04-07T01:00:00-07:00,16.9,10.7,12.3,0.1,0.1
2021-04-08T01:00:00-07:00,17.1,8.7,64.5,0.1,38.6
2021-04-09T01:00:00-07:00,31.6,18.6,31.9,0.3,8.6
2021-04-10T01:00:00-07:00,51.1,19.7,52.1,0.2,0.2
2021-04-11T01:00:00-07:00,44.5,15.1,71.8,0.2,15.1
2021-04-12T01:00:00-07:00,38.9,13.0,73.0,0.1,32.5
2021-04-13T01:00:00-07:00,38.3,19.8,72.4,0.1,38.5
2021-04-14T01:00:00-07:00,27.0,13.6,71.9,0.2,36.9
2021-04-15T01:00:00-07:00,29.0,12.7,70.3,0.2,39.3
2021-04-16T01:00:00-07:00,16.4,6.3,70.2,0.1,45.9
2021-04-17T01:00:00-07:00,26.2,8.2,69.9,0.1,42.0
2021-04-18T01:00:00-07:00,23.7,8.4,68.5,0.1,46.5
2021-04-19T01:00:00-07:00,19.6,10.5,68.0,0.1,48.1
2021-04-20T01:00:00-07:00,21.9,5.7,70.2,0.1,42.9
2021-04-21T01:00:00-07:00,15.6,5.1,69.0,0.1,51.3
2021-04-22T01:00:00-07:00,19.4,8.4,64.8,0.1,43.1
2021-04-23T01:00:00-07:00,30.2,8.5,56.2,0.1,27.0
2021-04-24T01:00:00-07:00,21.1,11.2,21.4,0.2,0.2
2021-04-25T01:00:00-07:00,35.4,10.0,54.2,0.2,12.2
2021-04-26T01:00:00-07:00,17.5,5.6,66.9,0.1,48.3
2021-04-27T01:00:00-07:00,20.6,8.5,51.7,0.1,29.6
2021-04-28T01:00:00-07:00,16.7,6.6,43.6,0.1,25.7
2021-04-29T01:00:00-07:00,19.0,6.0,62.4,0.1,41.4
2021-04-30T01:00:00-07:00,13.1,5.3,54.1,0.1,37.6
2021-05-01T01:00:00-07:00,12.1,5.5,35.3,0.1,20.8
2021-05-02T01:00:00-07:00,11.6,5.9,56.6,0.1,45.0
2021-05-03T01:00:00-07:00,15.6,6.2,26.8,0.1,9.6
2021-05-04T01:00:00-07:00,10.8,3.5,67.4,0.1,53.6
2021-05-05T01:00:00-07:00,9.9,3.4,56.1,0.1,44.6
2021-05-06T01:00:00-07:00,10.2,4.0,38.5,0.1,27.2
2021-05-07T01:00:00-07:00,17.6,9.3,41.9,0.2,27.0
2021-05-08T01:00:00-07:00,19.5,9.5,49.9,0.1,26.4
2021-05-09T01:00:00-07:00,30.1,5.5,71.8,0.1,36.3
2021-05-10T01:00:00-07:00,26.7,7.5,71.5,0.1,45.8
2021-05-11T01:00:00-07:00,22.4,12.3,75.3,0.1,58.0
2021-05-12T01:00:00-07:00,22.8,8.8,58.2,0.2,27.9
2021-05-13T01:00:00-07:00,14.4,6.1,74.6,0.2,57.0
2021-05-14T01:00:00-07:00,19.5,6.8,77.1,0.1,56.3
2021-05-15T01:00:00-07:00,11.6,5.5,74.6,0.1,59.9
2021-05-16T01:00:00-07:00,19.2,6.5,73.6,0.1,52.5
2021-05-17T01:00:00-07:00,10.2,5.2,25.1,0.1,14.0
2021-05-18T01:00:00-07:00,8.8,2.8,53.9,0.1,41.4
2021-05-19T01:00:00-07:00,10.3,2.6,77.8,0.1,66.4
2021-05-20T01:00:00-07:00,9.2,3.6,51.8,0.1,41.8
2021-05-21T01:00:00-07:00,20.0,6.8,51.7,0.1,32.0
2021-05-22T01:00:00-07:00,28.6,12.6,42.3,0.2,13.8
2021-05-23T01:00:00-07:00,20.0,7.8,21.2,0.2,0.2
2021-05-24T01:00:00-07:00,31.7,14.9,27.1,0.2,0.2
2021-05-25T01:00:00-07:00,24.0,7.0,44.8,0.2,9.0
2021-05-26T01:00:00-07:00,28.7,7.2,58.1,0.1,27.5
2021-05-27T01:00:00-07:00,25.6,9.3,45.3,0.2,17.4
2021-05-28T01:00:00-07:00,37.8,13.3,48.6,0.2,9.6
2021-05-29T01:00:00-07:00,32.3,6.5,79.8,0.1,43.8
2021-05-30T01:00:00-07:00,16.6,10.7,52.4,0.1,37.4
2021-05-31T01:00:00-07:00,49.8,15.7,72.4,0.2,24.1
2021-06-01T01:00:00-07:00,48.7,22.4,76.4,0.2,30.1
2021-06-02T01:00:00-07:00,39.8,13.9,74.9,0.1,25.9
2021-06-03T01:00:00-07:00,34.0,9.7,72.3,0.1,34.8
2021-06-04T01:00:00-07:00,31.4,14.3,58.6,0.2,27.6
2021-06-05T01:00:00-07:00,21.6,9.2,52.7,0.1,26.5
2021-06-06T01:00:00-07:00,22.3,12.6,31.5,0.2,9.0
2021-06-07T01:00:00-07:00,23.2,10.7,74.1,0.1,45.6
2021-06-08T01:00:00-07:00,31.4,9.4,68.8,0.1,36.6
2021-06-09T01:00:00-07:00,35.3,10.7,79.3,0.1,44.5
2021-06-10T01:00:00-07:00,34.9,9.3,68.6,0.1,29.9
2021-06-11T01:00:00-07:00,13.9,4.5,24.0,0.1,4.1
2021-06-12T01:00:00-07:00,23.4,9.1,67.3,0.1,47.8
2021-06-13T01:00:00-07:00,18.8,9.2,22.5,0.3,0.3
2021-06-14T01:00:00-07:00,17.5,5.6,30.2,0.1,8.3
2021-06-15T01:00:00-07:00,28.0,10.0,63.9,0.1,36.2
2021-06-16T01:00:00-07:00,24.8,8.3,74.8,0.1,48.4
2021-06-17T01:00:00-07:00,26.7,9.5,78.9,0.1,51.8
2021-06-18T01:00:00-07:00,39.0,13.6,78.2,0.1,38.2
2021-06-19T01:00:00-07:00,38.8,14.8,73.0,0.1,33.8
2021-06-20T01:00:00-07:00,34.8,10.6,78.6,0.1,34.0
2021-06-21T01:00:00-07:00,23.9,4.5,76.5,0.1,51.1
2021-06-22T01:00:00-07:00,20.7,4.1,70.7,0.1,48.3
2021-06-23T01:00:00-07:00,14.7,3.6,64.0,0.1,47.1
2021-06-24T01:00:00-07:00,53.0,20.8,74.0,0.1,34.8
2021-06-25T01:00:00-07:00,54.8,22.2,74.9,0.2,13.6
2021-06-26T01:00:00-07:00,57.7,25.1,73.4,0.2,16.3
2021-06-27T01:00:00-07:00,58.1,22.9,74.3,0.3,11.7
2021-06-28T01:00:00-07:00,42.4,12.4,73.4,21.9,45.6
2021-06-29T01:00:00-07:00,51.9,21.2,72.6,0.1,17.5
2021-06-30T01:00:00-07:00,29.8,13.5,63.4,0.1,27.4
2021-07-01T01:00:00-07:00,25.2,16.6,45.8,0.2,19.3
2021-07-02T01:00:00-07:00,35.8,17.4,53.4,0.1,19.2
2021-07-03T01:00:00-07:00,47.1,18.0,74.7,0.1,27.2
2021-07-04T01:00:00-07:00,33.0,8.4,60.3,0.1,17.5
2021-07-05T01:00:00-07:00,33.7,15.8,53.5,0.1,20.5
2021-07-06T01:00:00-07:00,36.9,11.7,63.0,0.1,25.4
2021-07-07T01:00:00-07:00,33.7,17.7,34.4,0.2,0.2
2021-07-08T01:00:00-07:00,44.5,17.2,53.6,0.2,6.1
2021-07-09T01:00:00-07:00,27.3,4.0,74.2,0.1,35.3
2021-07-10T01:00:00-07:00,17.2,3.7,70.2,0.1,52.8
2021-07-11T01:00:00-07:00,16.8,3.8,75.1,0.1,57.1
2021-07-12T01:00:00-07:00,20.0,4.7,74.1,0.1,53.4
2021-07-13T01:00:00-07:00,19.1,4.8,64.3,0.1,43.7
2021-07-14T01:00:00-07:00,15.4,4.3,55.6,0.1,37.7
2021-07-15T01:00:00-07:00,30.8,15.7,57.2,0.1,36.3
2021-07-16T01:00:00-07:00,21.5,12.1,29.1,0.2,0.2
2021-07-17T01:00:00-07:00,71.2,20.8,70.4,0.2,0.2
2021-07-18T01:00:00-07:00,41.2,12.4,73.1,0.1,27.8
2021-07-19T01:00:00-07:00,44.4,20.8,73.4,0.1,32.0
2021-07-20T01:00:00-07:00,32.8,10.4,43.1,0.2,0.2
2021-07-21T01:00:00-07:00,42.1,15.2,48.3,0.2,2.1
2021-07-22T01:00:00-07:00,29.1,8.6,73.9,0.1,39.5
2021-07-23T01:00:00-07:00,26.3,8.7,71.8,0.1,45.0
2021-07-24T01:00:00-07:00,38.6,14.3,72.7,0.1,35.1
2021-07-25T01:00:00-07:00,35.5,12.3,72.0,0.1,35.2
2021-07-26T01:00:00-07:00,29.8,8.1,71.2,0.1,37.5
2021-07-27T01:00:00-07:00,34.9,13.7,70.8,0.1,36.1
2021-07-28T01:00:00-07:00,45.6,16.2,63.7,0.1,19.3
2021-07-29T01:00:00-07:00,40.6,13.3,71.4,0.1,25.1
2021-07-30T01:00:00-07:00,52.2,22.7,68.7,0.1,22.9
2021-07-31T01:00:00-07:00,31.0,18.4,12.5,3.0,0.2
2021-08-01T01:00:00-07:00,40.9,15.6,48.5,4.8,0.1
2021-08-02T01:00:00-07:00,57.3,20.0,66.5,0.2,0.2
2021-08-03T01:00:00-07:00,44.1,21.3,54.1,0.2,4.7
2021-08-04T01:00:00-07:00,62.3,20.7,68.9,0.2,2.5
2021-08-05T01:00:00-07:00,49.4,21.3,55.6,0.1,0.1
2021-08-06T01:00:00-07:00,53.1,35.4,38.3,0.3,0.2
2021-08-07T01:00:00-07:00,21.7,8.4,35.1,0.6,0.2
2021-08-08T01:00:00-07:00,26.4,10.0,66.3,0.1,26.0
2021-08-09T01:00:00-07:00,37.5,13.4,65.3,0.1,26.0
2021-08-10T01:00:00-07:00,34.5,16.1,68.0,0.1,35.3
2021-08-11T01:00:00-07:00,49.7,25.9,68.3,0.3,19.3
2021-08-12T01:00:00-07:00,46.2,23.1,60.0,0.2,11.0
2021-08-13T01:00:00-07:00,61.6,29.3,51.5,0.4,0.3
2021-08-14T01:00:00-07:00,50.3,19.1,50.0,0.2,0.2
2021-08-15T01:00:00-07:00,44.5,17.2,51.3,5.2,0.2
2021-08-16T01:00:00-07:00,28.6,12.6,16.4,5.2,0.2
2021-08-17T01:00:00-07:00,28.2,10.7,32.5,4.4,0.1
2021-08-18T01:00:00-07:00,41.1,18.7,53.3,0.2,0.6
2021-08-19T01:00:00-07:00,57.0,22.5,62.2,0.2,6.9
2021-08-20T01:00:00-07:00,26.2,13.3,24.8,0.2,0.2
2021-08-21T01:00:00-07:00,24.9,11.5,34.2,0.2,0.2
2021-08-22T01:00:00-07:00,15.3,7.7,23.8,0.2,0.1
2021-08-23T01:00:00-07:00,40.0,11.7,60.4,0.1,12.9
2021-08-24T01:00:00-07:00,27.8,8.2,66.3,0.1,37.1
2021-08-25T01:00:00-07:00,20.7,9.5,47.3,0.1,23.3
2021-08-26T01:00:00-07:00,20.9,12.1,33.2,0.1,14.2
2021-08-27T01:00:00-07:00,32.1,19.3,34.1,0.2,4.0
2021-08-28T01:00:00-07:00,47.3,23.9,66.2,0.2,23.7
2021-08-29T01:00:00-07:00,43.4,17.4,65.1,0.2,11.6
2021-08-30T01:00:00-07:00,23.1,12.6,19.0,0.2,0.2
2021-08-31T01:00:00-07:00,22.4,7.9,36.1,0.2,0.2
2021-09-01T01:00:00-07:00,29.3,11.2,65.3,0.2,33.9
2021-09-02T01:00:00-07:00,35.0,15.6,63.6,0.2,32.8
2021-09-03T01:00:00-07:00,37.9,16.1,45.5,0.2,3.9
2021-09-04T01:00:00-07:00,17.9,6.9,40.1,0.1,10.4
2021-09-05T01:00:00-07:00,18.7,5.5,39.9,0.1,19.8
2021-09-06T01:00:00-07:00,18.7,5.0,48.8,0.1,27.7
2021-09-07T01:00:00-07:00,20.0,5.3,59.7,0.1,38.2
2021-09-08T01:00:00-07:00,29.3,9.0,56.1,0.1,28.3
2021-09-09T01:00:00-07:00,40.0,19.4,47.8,0.2,12.7
2021-09-10T01:00:00-07:00,25.0,14.2,15.7,0.2,0.2
2021-09-11T01:00:00-07:00,36.2,20.0,37.3,0.2,0.2
2021-09-12T01:00:00-07:00,33.3,12.8,23.1,8.1,0.2
2021-09-13T01:00:00-07:00,55.3,16.6,50.1,14.0,0.2
2021-09-14T01:00:00-07:00,25.4,14.3,18.9,2.8,0.2
2021-09-15T01:00:00-07:00,18.5,5.7,27.5,3.9,0.1
2021-09-16T01:00:00-07:00,29.6,12.4,53.2,0.2,9.9
2021-09-17T01:00:00-07:00,22.3,14.4,13.7,0.1,0.1
2021-09-18T01:00:00-07:00,18.3,10.4,23.3,0.2,0.2
2021-09-19T01:00:00-07:00,32.3,17.3,32.3,0.3,0.3
2021-09-20T01:00:00-07:00,32.7,16.2,52.3,0.2,10.8
2021-09-21T01:00:00-07:00,33.0,10.2,55.0,0.1,11.0
2021-09-22T01:00:00-07:00,13.4,7.5,27.2,0.1,12.5
2021-09-23T01:00:00-07:00,23.6,11.7,49.4,0.2,23.2
2021-09-24T01:00:00-07:00,20.0,8.7,52.3,0.1,32.4
2021-09-25T01:00:00-07:00,30.1,16.1,49.5,0.2,24.5
2021-09-26T01:00:00-07:00,23.4,15.9,12.1,0.2,0.2
2021-09-27T01:00:00-07:00,15.3,10.5,14.9,0.2,0.2
2021-09-28T01:00:00-07:00,15.6,8.0,30.9,3.4,0.1
2021-09-29T01:00:00-07:00,12.6,8.3,12.3,0.2,0.2
2021-09-30T01:00:00-07:00,20.0,15.3,7.0,1.2,0.2
2021-10-01T01:00:00-07:00,15.7,5.2,49.8,3.2,7.7
2021-10-02T01:00:00-07:00,16.7,10.1,35.6,0.2,17.5
2021-10-03T01:00:00-07:00,20.2,13.4,10.6,0.2,0.2
2021-10-04T01:00:00-07:00,30.6,16.6,45.1,0.2,4.6
2021-10-05T01:00:00-07:00,14.2,9.2,15.9,0.2,0.2
2021-10-06T01:00:00-07:00,32.5,16.2,36.0,0.2,1.7
2021-10-07T01:00:00-07:00,21.1,10.2,46.9,0.2,18.8
2021-10-08T01:00:00-07:00,19.5,14.2,35.1,0.2,16.3
2021-10-09T01:00:00-07:00,23.8,16.1,12.9,0.2,0.2
2021-10-10T01:00:00-07:00,24.0,13.7,19.0,0.2,0.2
2021-10-11T01:00:00-07:00,17.6,9.4,32.9,3.1,0.1
2021-10-12T01:00:00-07:00,18.5,14.5,13.4,0.2,0.2
2021-10-13T01:00:00-07:00,13.9,9.6,23.0,0.1,0.1
2021-10-14T01:00:00-07:00,14.6,11.6,6.2,0.2,0.2
2021-10-15T01:00:00-07:00,23.5,5.9,3.1,15.7,0.1
2021-10-16T01:00:00-07:00,6.4,1.9,17.0,2.4,0.1
2021-10-17T01:00:00-07:00,6.4,4.1,7.8,0.1,0.1
2021-10-18T01:00:00-07:00,6.5,4.0,27.1,0.1,0.1
2021-10-19T01:00:00-07:00,6.8,3.8,29.0,0.1,19.2
2021-10-20T01:00:00-07:00,12.8,10.4,21.7,0.1,12.1
2021-10-21T01:00:00-07:00,19.5,13.0,13.7,0.2,0.2
2021-10-22T01:00:00-07:00,19.3,13.8,9.6,0.2,0.2
2021-10-23T01:00:00-07:00,31.1,8.1,11.5,17.4,0.1
2021-10-24T01:00:00-07:00,38.4,0.0,4.4,35.0,0.0
2021-10-25T01:00:00-07:00,15.5,0.0,7.9,14.7,0.0
2021-10-26T01:00:00-07:00,15.1,0.0,7.8,14.2,0.0
2021-10-27T01:00:00-07:00,18.7,4.8,11.8,8.4,0.1
2021-10-28T01:00:00-07:00,16.3,2.8,6.0,11.6,0.1
2021-10-29T01:00:00-07:00,14.1,6.0,11.6,4.7,0.1
2021-10-30T01:00:00-07:00,41.3,12.8,37.5,8.9,0.1
2021-10-31T01:00:00-07:00,23.1,9.0,35.7,3.8,1.4
2021-11-01T01:00:00-07:00,18.0,14.7,7.6,0.2,0.2
2021-11-02T01:00:00-07:00,15.7,2.6,3.3,10.6,0.1
2021-11-03T01:00:00-07:00,14.0,5.4,10.9,5.8,0.1
2021-11-04T01:00:00-07:00,12.1,4.3,7.6,5.0,0.1
2021-11-05T01:00:00-07:00,21.1,11.1,23.6,3.8,0.1
2021-11-06T01:00:00-07:00,28.3,5.3,10.7,19.1,0.1
2021-11-07T01:00:00-07:00,28.3,2.2,8.7,20.8,0.1
2021-11-08T01:00:00-08:00,27.4,11.1,28.5,6.9,0.5
2021-11-09T01:00:00-08:00,24.3,18.6,20.8,0.8,0.2
2021-11-10T01:00:00-08:00,24.0,14.6,21.4,4.8,0.2
2021-11-11T01:00:00-08:00,39.4,0.0,2.2,37.6,0.0
2021-11-12T01:00:00-08:00,16.5,0.0,1.8,15.7,0.0
2021-11-13T01:00:00-08:00,18.5,1.1,5.9,13.5,0.0
2021-11-14T01:00:00-08:00,24.6,1.3,7.4,18.3,0.0
2021-11-15T01:00:00-08:00,16.6,3.1,7.8,10.3,0.0
2021-11-16T01:00:00-08:00,28.8,11.3,22.7,7.9,0.1
2021-11-17T01:00:00-08:00,26.1,13.5,26.6,3.6,0.1
2021-11-18T01:00:00-08:00,19.3,5.0,7.1,11.7,0.1
2021-11-19T01:00:00-08:00,16.8,8.3,16.9,6.4,0.1
2021-11-20T01:00:00-08:00,31.7,9.4,15.8,13.3,0.1
2021-11-21T01:00:00-08:00,29.2,5.0,13.5,17.9,0.1
2021-11-22T01:00:00-08:00,21.5,2.0,6.4,15.7,0.0
2021-11-23T01:00:00-08:00,22.0,5.9,10.7,13.5,0.1
2021-11-24T01:00:00-08:00,72.1,3.6,7.8,65.3,0.0
2021-11-25T01:00:00-08:00,20.5,0.4,3.1,18.4,0.0
2021-11-26T01:00:00-08:00,26.0,0.4,3.0,23.8,0.0
2021-11-27T01:00:00-08:00,21.3,0.4,3.3,19.2,0.0
2021-11-28T01:00:00-08:00,18.3,0.0,2.4,16.5,0.0
2021-11-29T01:00:00-08:00,12.6,4.4,9.4,5.5,0.1
2021-11-30T01:00:00-08:00,13.1,0.0,2.2,11.2,0.0
2021-12-01T01:00:00-08:00,12.3,3.8,8.4,6.0,0.1
2021-12-02T01:00:00-08:00,12.9,1.4,4.7,8.8,0.1
2021-12-03T01:00:00-08:00,21.4,4.3,8.4,14.7,0.0
2021-12-04T01:00:00-08:00,35.1,0.0,2.2,33.4,0.0
2021-12-05T01:00:00-08:00,28.7,5.1,14.2,16.2,0.1
2021-12-06T01:00:00-08:00,27.9,0.0,1.9,26.4,0.0
2021-12-07T01:00:00-08:00,19.7,0.5,3.5,17.7,0.0
2021-12-08T01:00:00-08:00,21.4,4.8,10.9,31.7,0.1
2021-12-09T01:00:00-08:00,27.9,18.3,4.5,6.6,0.1
2021-12-10T01:00:00-08:00,34.6,0.0,2.2,52.7,0.3
2021-12-11T01:00:00-08:00,19.0,0.0,14.7,14.5,9.2
2021-12-12T01:00:00-08:00,19.4,13.4,9.4,2.2,5.6
2021-12-13T01:00:00-08:00,24.1,3.3,3.0,18.4,0.1
2021-12-14T01:00:00-08:00,46.7,0.8,5.4,42.4,0.0
2021-12-15T01:00:00-08:00,40.2,0.4,3.6,37.4,0.0
2021-12-16T01:00:00-08:00,32.3,0.7,5.5,28.8,0.0
2021-12-17T01:00:00-08:00,27.7,4.0,9.9,20.2,0.1
2021-12-18T01:00:00-08:00,16.7,0.1,1.6,16.5,0.0
2021-12-19T01:00:00-08:00,17.9,7.3,17.9,6.8,0.1
2021-12-20T01:00:00-08:00,30.3,2.9,3.9,24.0,0.1
2021-12-21T01:00:00-08:00,31.8,0.5,4.9,29.7,0.0
2021-12-22T01:00:00-08:00,21.4,0.7,3.4,19.3,0.0
2021-12-23T01:00:00-08:00,25.2,4.1,9.3,18.5,0.1
2021-12-24T01:00:00-08:00,69.5,0.6,6.8,64.4,0.0
2021-12-25T01:00:00-08:00,34.5,1.4,6.0,30.8,0.0
2021-12-26T01:00:00-08:00,77.6,17.4,0.7,80.5,0.1
2021-12-27T01:00:00-08:00,72.1,0.6,4.6,69.1,0.0
2021-12-28T01:00:00-08:00,61.7,0.1,0.8,61.5,0.0
2021-12-29T01:00:00-08:00,38.4,0.1,5.7,36.5,0.0
2021-12-30T01:00:00-08:00,45.8,0.1,0.1,45.6,0.0
2021-12-31T01:00:00-08:00,50.2,0.1,3.8,50.0,0.0
2022-01-01T01:00:00-08:00,102.7,0.1,7.5,116.9,0.0
2022-01-02T01:00:00-08:00,42.6,17.4,1.8,24.1,0.1
2022-01-03T01:00:00-08:00,54.2,0.9,6.4,50.8,0.0
2022-01-04T01:00:00-08:00,24.4,4.7,9.6,17.4,0.1
2022-01-05T01:00:00-08:00,33.8,0.1,3.4,31.7,0.0
2022-01-06T01:00:00-08:00,22.3,0.1,1.5,22.1,0.0
2022-01-07T01:00:00-08:00,20.8,0.1,2.8,20.6,0.0
2022-01-08T01:00:00-08:00,34.4,0.5,10.6,29.9,0.0
2022-01-09T01:00:00-08:00,31.0,15.0,24.7,10.6,5.3
2022-01-10T01:00:00-08:00,16.8,3.6,3.1,11.5,0.0
2022-01-11T01:00:00-08:00,11.9,0.6,3.8,9.8,0.0
2022-01-12T01:00:00-08:00,11.8,0.1,4.3,9.8,0.0
2022-01-13T01:00:00-08:00,17.2,8.0,14.4,5.3,0.1
2022-01-14T01:00:00-08:00,26.4,7.4,14.2,14.4,0.1
2022-01-15T01:00:00-08:00,31.7,0.1,5.0,27.8,0.0
2022-01-16T01:00:00-08:00,26.2,0.1,4.6,23.6,0.0
2022-01-17T01:00:00-08:00,21.5,0.7,5.8,17.9,0.0
2022-01-18T01:00:00-08:00,17.3,0.1,4.2,15.3,0.0
2022-01-19T01:00:00-08:00,19.9,1.3,6.5,15.2,0.1
2022-01-20T01:00:00-08:00,26.5,1.4,5.8,22.6,0.0
2022-01-21T01:00:00-08:00,19.0,6.3,16.7,9.3,0.1
2022-01-22T01:00:00-08:00,23.2,14.1,23.3,3.0,0.2
2022-01-23T01:00:00-08:00,25.2,4.9,6.0,16.8,0.1
2022-01-24T01:00:00-08:00,39.3,0.1,3.9,37.7,0.0
2022-01-25T01:00:00-08:00,26.8,6.6,14.0,15.4,0.1
2022-01-26T01:00:00-08:00,26.8,6.9,13.9,15.3,0.1
2022-01-27T01:00:00-08:00,20.2,10.3,25.8,5.9,0.1
2022-01-28T01:00:00-08:00,54.5,18.8,25.1,22.9,0.2
2022-01-29T01:00:00-08:00,37.3,4.1,13.8,25.6,0.1
2022-01-30T01:00:00-08:00,20.9,0.1,3.4,19.2,0.0
2022-01-31T01:00:00-08:00,29.1,12.8,21.4,11.2,0.1
2022-02-01T01:00:00-08:00,35.5,8.2,20.6,17.0,0.1
2022-02-02T01:00:00-08:00,39.3,1.7,6.5,34.3,0.0
2022-02-03T01:00:00-08:00,32.3,0.1,3.1,31.4,0.0
2022-02-04T01:00:00-08:00,23.6,3.5,8.8,17.2,0.1
2022-02-05T01:00:00-08:00,29.0,2.8,8.0,22.7,0.0
2022-02-06T01:00:00-08:00,21.5,4.2,30.3,10.6,0.1
2022-02-07T01:00:00-08:00,19.2,15.6,5.1,0.4,0.2
2022-02-08T01:00:00-08:00,43.4,16.8,16.7,16.9,0.1
2022-02-09T01:00:00-08:00,18.5,4.9,20.1,8.3,0.1
2022-02-10T01:00:00-08:00,20.6,7.6,7.1,8.0,0.1
2022-02-11T01:00:00-08:00,29.7,8.3,17.2,15.2,0.1
2022-02-12T01:00:00-08:00,24.6,8.7,39.2,8.6,0.2
2022-02-13T01:00:00-08:00,49.4,39.0,30.4,2.7,0.2
2022-02-14T01:00:00-08:00,21.9,4.9,11.0,13.1,0.1
2022-02-15T01:00:00-08:00,23.2,5.4,11.8,14.0,0.1
2022-02-16T01:00:00-08:00,20.7,7.1,25.2,8.2,0.2
2022-02-17T01:00:00-08:00,45.4,12.4,8.6,28.7,0.0
2022-02-18T01:00:00-08:00,22.6,8.0,15.7,10.0,0.1
2022-02-19T01:00:00-08:00,21.1,1.8,6.8,15.9,0.0
2022-02-20T01:00:00-08:00,15.2,3.8,27.2,6.6,0.1
2022-02-21T01:00:00-08:00,43.3,30.9,25.1,6.7,0.3
2022-02-22T01:00:00-08:00,54.3,5.8,15.1,41.4,0.1
2022-02-23T01:00:00-08:00,43.4,4.6,44.9,24.1,0.9
2022-02-24T01:00:00-08:00,33.2,15.1,40.4,0.2,2.2
2022-02-25T01:00:00-08:00,49.9,26.5,45.5,0.3,0.3
2022-02-26T01:00:00-08:00,33.0,21.8,18.3,1.0,0.2
2022-02-27T01:00:00-08:00,18.6,4.0,10.5,9.9,0.1
2022-02-28T01:00:00-08:00,27.0,0.1,5.4,58.2,0.9
2022-03-01T01:00:00-08:00,39.2,11.9,34.3,3.1,5.9
2022-03-02T01:00:00-08:00,17.1,13.1,9.0,0.2,0.2
2022-03-03T01:00:00-08:00,21.4,14.4,20.7,0.2,0.2
2022-03-04T01:00:00-08:00,16.0,9.9,18.2,0.2,0.2
2022-03-05T01:00:00-08:00,16.7,7.7,33.8,0.2,0.2
2022-03-06T01:00:00-08:00,20.4,11.4,28.2,0.2,0.2
2022-03-07T01:00:00-08:00,22.8,14.7,17.2,0.2,0.2
2022-03-08T01:00:00-08:00,11.7,6.6,19.3,0.2,0.2
2022-03-09T01:00:00-08:00,39.7,8.3,53.5,0.2,8.0
2022-03-10T01:00:00-08:00,23.0,11.1,38.5,0.1,18.3
2022-03-11T01:00:00-08:00,21.0,15.4,12.7,0.2,0.2
2022-03-12T01:00:00-08:00,19.5,11.9,35.2,0.2,3.8
2022-03-13T01:00:00-08:00,30.3,13.0,36.5,0.2,3.5
2022-03-14T01:00:00-07:00,17.6,11.4,13.4,0.2,0.2
2022-03-15T01:00:00-07:00,19.3,10.9,34.5,0.2,3.4
2022-03-16T01:00:00-07:00,26.4,13.2,39.3,0.2,11.0
2022-03-17T01:00:00-07:00,15.5,9.6,13.5,0.2,0.2
2022-03-18T01:00:00-07:00,16.8,8.3,26.9,0.2,0.3
2022-03-19T01:00:00-07:00,16.6,9.9,16.1,0.2,0.2
2022-03-20T01:00:00-07:00,20.3,11.0,18.5,0.2,0.2
2022-03-21T01:00:00-07:00,17.0,8.8,15.0,0.2,0.1
2022-03-22T01:00:00-07:00,23.3,10.0,35.3,0.2,0.2
2022-03-23T01:00:00-07:00,15.8,10.6,21.1,0.2,2.9
2022-03-24T01:00:00-07:00,37.3,9.1,46.3,0.2,6.3
2022-03-25T01:00:00-07:00,29.6,10.9,33.4,0.3,4.2
2022-03-26T01:00:00-07:00,21.0,8.3,27.6,0.2,1.8
2022-03-27T01:00:00-07:00,35.4,10.8,40.8,0.2,4.3
2022-03-28T01:00:00-07:00,32.6,21.9,13.4,0.4,0.3
2022-03-29T01:00:00-07:00,14.8,8.3,38.4,0.2,0.2
2022-03-30T01:00:00-07:00,33.3,12.0,35.5,0.2,0.3
2022-03-31T01:00:00-07:00,43.1,12.6,52.6,0.3,7.9
2022-04-01T01:00:00-07:00,29.5,12.4,45.7,0.2,16.4
2022-04-02T01:00:00-07:00,25.7,9.0,49.7,0.2,19.2
2022-04-03T01:00:00-07:00,18.6,8.8,17.0,0.2,0.2
2022-04-04T01:00:00-07:00,24.2,8.5,53.0,0.2,20.1
2022-04-05T01:00:00-07:00,19.9,7.3,55.3,0.1,33.0
2022-04-06T01:00:00-07:00,22.5,7.8,58.8,0.1,35.8
2022-04-07T01:00:00-07:00,14.7,7.0,55.6,0.1,38.4
2022-04-08T01:00:00-07:00,21.0,10.5,50.8,0.2,30.8
2022-04-09T01:00:00-07:00,24.2,11.9,41.0,0.2,12.5
2022-04-10T01:00:00-07:00,30.5,15.8,36.7,0.2,6.5
2022-04-11T01:00:00-07:00,30.5,16.9,41.2,0.2,8.2
2022-04-12T01:00:00-07:00,25.7,9.9,43.6,0.2,11.3
2022-04-13T01:00:00-07:00,26.1,15.3,25.1,0.2,0.2
2022-04-14T01:00:00-07:00,36.7,13.6,47.3,0.3,3.0
2022-04-15T01:00:00-07:00,29.4,11.0,57.0,0.2,25.4
2022-04-16T01:00:00-07:00,36.7,16.1,39.0,0.3,7.9
2022-04-17T01:00:00-07:00,27.7,8.2,64.3,0.2,27.0
2022-04-18T01:00:00-07:00,12.2,6.1,11.3,0.2,0.2
2022-04-19T01:00:00-07:00,55.4,12.5,62.5,0.3,2.4
2022-04-20T01:00:00-07:00,20.9,8.9,19.9,0.2,0.2
2022-04-21T01:00:00-07:00,29.5,8.3,51.4,0.2,16.2
2022-04-22T01:00:00-07:00,18.8,8.8,61.3,0.2,42.8
2022-04-23T01:00:00-07:00,25.7,9.2,57.2,0.2,30.0
2022-04-24T01:00:00-07:00,21.8,10.3,61.9,0.1,40.3
2022-04-25T01:00:00-07:00,20.5,11.3,37.2,0.2,13.0
2022-04-26T01:00:00-07:00,16.1,8.1,57.4,0.2,39.3
2022-04-27T01:00:00-07:00,31.1,7.3,56.5,0.2,22.6
2022-04-28T01:00:00-07:00,23.4,9.0,38.2,0.2,14.0
2022-04-29T01:00:00-07:00,22.7,9.2,54.8,0.2,28.5
2022-04-30T01:00:00-07:00,13.9,5.0,55.6,0.1,38.2
2022-05-01T01:00:00-07:00,23.8,9.1,54.4,0.1,32.3
2022-05-02T01:00:00-07:00,14.1,6.9,23.0,0.2,5.3
2022-05-03T01:00:00-07:00,21.1,7.9,21.4,0.2,0.2
2022-05-04T01:00:00-07:00,18.7,5.3,53.6,0.1,30.8
2022-05-05T01:00:00-07:00,15.6,6.8,18.3,0.2,1.2
2022-05-06T01:00:00-07:00,20.2,8.0,27.7,0.2,6.9
2022-05-07T01:00:00-07:00,28.2,14.0,40.2,0.2,13.5
2022-05-08T01:00:00-07:00,24.6,8.9,61.1,0.2,31.9
2022-05-09T01:00:00-07:00,16.8,7.3,60.4,0.2,40.4
2022-05-10T01:00:00-07:00,15.2,7.0,64.8,0.1,47.7
2022-05-11T01:00:00-07:00,23.9,8.9,67.6,0.2,44.0
2022-05-12T01:00:00-07:00,16.6,7.3,25.0,0.2,3.6
2022-05-13T01:00:00-07:00,21.5,7.5,65.5,0.2,43.4
2022-05-14T01:00:00-07:00,13.1,5.2,56.4,0.1,39.4
2022-05-15T01:00:00-07:00,28.0,22.0,17.9,0.2,0.9
2022-05-16T01:00:00-07:00,34.3,10.2,71.4,0.2,22.3
2022-05-17T01:00:00-07:00,32.2,8.3,46.5,0.2,11.7
2022-05-18T01:00:00-07:00,11.2,5.0,68.5,0.2,55.0
2022-05-19T01:00:00-07:00,10.7,4.1,64.5,0.1,52.5
2022-05-20T01:00:00-07:00,15.7,6.9,48.4,0.1,33.2
2022-05-21T01:00:00-07:00,40.5,14.7,76.4,0.2,40.6
2022-05-22T01:00:00-07:00,32.9,11.6,69.3,0.2,32.2
2022-05-23T01:00:00-07:00,28.0,10.9,57.4,0.2,25.4
2022-05-24T01:00:00-07:00,17.5,9.9,31.1,0.2,11.7
2022-05-25T01:00:00-07:00,34.1,10.4,69.5,0.1,31.4
2022-05-26T01:00:00-07:00,14.6,6.3,33.5,0.1,17.5
2022-05-27T01:00:00-07:00,12.0,3.9,67.7,0.1,52.6
2022-05-28T01:00:00-07:00,9.4,4.1,30.3,0.1,20.0
2022-05-29T01:00:00-07:00,9.3,4.8,15.8,0.1,5.9
2022-05-30T01:00:00-07:00,9.5,4.2,47.0,0.1,35.8
2022-05-31T01:00:00-07:00,9.8,4.0,73.1,0.1,61.9
2022-06-01T01:00:00-07:00,11.3,4.7,41.4,0.1,29.9
2022-06-02T01:00:00-07:00,14.5,6.4,50.2,0.1,35.8
2022-06-03T01:00:00-07:00,23.5,12.9,38.6,0.2,19.6
2022-06-04T01:00:00-07:00,31.0,8.9,54.8,0.2,18.3
2022-06-05T01:00:00-07:00,22.5,11.2,41.5,0.2,18.7
2022-06-06T01:00:00-07:00,18.4,5.6,61.3,0.1,36.6
2022-06-07T01:00:00-07:00,32.3,13.7,60.2,0.2,35.0
2022-06-08T01:00:00-07:00,30.5,9.2,57.5,0.2,19.1
2022-06-09T01:00:00-07:00,19.1,11.6,15.0,0.2,0.2
2022-06-10T01:00:00-07:00,29.9,12.7,35.5,0.2,3.7
2022-06-11T01:00:00-07:00,37.4,12.0,57.0,0.2,14.6
2022-06-12T01:00:00-07:00,22.2,9.2,30.3,0.2,5.4
2022-06-13T01:00:00-07:00,24.1,11.9,36.5,0.2,13.9
2022-06-14T01:00:00-07:00,19.8,9.7,42.2,0.2,19.9
2022-06-15T01:00:00-07:00,17.3,7.5,32.0,0.1,10.8
2022-06-16T01:00:00-07:00,31.2,11.6,67.6,0.1,38.0
2022-06-17T01:00:00-07:00,20.5,10.5,15.4,0.2,0.2
2022-06-18T01:00:00-07:00,17.4,8.1,29.3,0.1,0.2
2022-06-19T01:00:00-07:00,29.4,8.7,55.3,0.1,24.5
2022-06-20T01:00:00-07:00,50.2,13.6,47.1,0.2,0.2
2022-06-21T01:00:00-07:00,60.5,11.7,70.1,0.2,3.4
2022-06-22T01:00:00-07:00,19.6,8.5,27.2,0.1,5.0
2022-06-23T01:00:00-07:00,34.2,9.1,73.9,0.1,40.6
2022-06-24T01:00:00-07:00,28.5,7.3,77.9,0.1,45.1
2022-06-25T01:00:00-07:00,52.9,18.2,76.6,0.1,32.6
2022-06-26T01:00:00-07:00,46.8,10.6,76.6,0.1,21.8
2022-06-27T01:00:00-07:00,55.3,26.0,66.2,0.1,19.1
2022-06-28T01:00:00-07:00,25.0,9.3,33.1,5.2,0.1
2022-06-29T01:00:00-07:00,22.9,7.9,41.1,0.1,13.6
2022-06-30T01:00:00-07:00,34.8,11.1,73.0,0.1,40.7
2022-07-01T01:00:00-07:00,36.7,10.4,74.4,0.1,36.1
2022-07-02T01:00:00-07:00,47.2,19.9,50.1,0.3,3.8
2022-07-03T01:00:00-07:00,18.7,10.7,8.7,1.0,0.2
2022-07-04T01:00:00-07:00,18.4,4.9,52.7,3.4,18.6
2022-07-05T01:00:00-07:00,44.4,21.5,52.7,0.2,20.8
2022-07-06T01:00:00-07:00,34.0,14.7,47.4,2.1,6.7
2022-07-07T01:00:00-07:00,47.3,13.8,67.3,0.2,12.0
2022-07-08T01:00:00-07:00,44.9,12.1,67.3,0.2,20.2
2022-07-09T01:00:00-07:00,38.4,13.0,58.8,0.2,19.8
2022-07-10T01:00:00-07:00,29.5,9.7,54.7,0.1,23.2
2022-07-11T01:00:00-07:00,44.4,14.9,75.4,0.1,33.0
2022-07-12T01:00:00-07:00,30.6,11.7,74.8,0.1,39.8
2022-07-13T01:00:00-07:00,29.7,7.1,73.4,0.1,40.2
2022-07-14T01:00:00-07:00,31.3,8.9,73.9,0.1,42.9
2022-07-15T01:00:00-07:00,32.7,14.4,68.4,0.1,40.1
2022-07-16T01:00:00-07:00,43.0,17.8,40.3,0.3,0.3
2022-07-17T01:00:00-07:00,29.1,13.5,42.1,0.2,2.7
2022-07-18T01:00:00-07:00,42.4,20.1,49.2,0.2,3.9
2022-07-19T01:00:00-07:00,66.7,19.4,73.3,0.2,8.4
2022-07-20T01:00:00-07:00,56.4,21.6,72.1,0.2,16.8
2022-07-21T01:00:00-07:00,51.0,15.0,70.9,0.2,12.3
2022-07-22T01:00:00-07:00,40.9,13.2,59.0,0.2,14.4
2022-07-23T01:00:00-07:00,35.0,12.7,53.7,0.2,17.4
2022-07-24T01:00:00-07:00,41.5,14.1,71.5,0.1,31.5
2022-07-25T01:00:00-07:00,57.0,14.7,71.2,0.2,9.9
2022-07-26T01:00:00-07:00,43.6,17.2,69.4,0.1,28.5
2022-07-27T01:00:00-07:00,44.2,17.2,66.7,0.1,19.2
2022-07-28T01:00:00-07:00,39.7,15.8,68.7,0.1,26.7
2022-07-29T01:00:00-07:00,49.8,16.8,68.2,0.1,17.6
2022-07-30T01:00:00-07:00,70.9,26.9,68.9,5.8,11.2
2022-07-31T01:00:00-07:00,71.3,18.6,68.4,9.9,1.0
2022-08-01T01:00:00-07:00,51.2,15.8,60.6,2.7,2.1
2022-08-02T01:00:00-07:00,48.4,23.4,49.9,0.2,4.7
2022-08-03T01:00:00-07:00,47.9,16.6,60.5,7.5,13.8
2022-08-04T01:00:00-07:00,59.0,10.4,16.4,33.8,0.1
2022-08-05T01:00:00-07:00,20.7,4.8,68.6,4.8,34.8
2022-08-06T01:00:00-07:00,27.2,9.1,70.6,0.1,43.4
2022-08-07T01:00:00-07:00,35.4,9.0,69.4,0.1,32.7
2022-08-08T01:00:00-07:00,40.0,15.5,67.0,0.1,32.2
2022-08-09T01:00:00-07:00,23.9,11.8,35.3,0.2,4.5
2022-08-10T01:00:00-07:00,26.9,13.6,31.6,0.2,6.2
2022-08-11T01:00:00-07:00,61.9,18.0,66.5,0.2,4.3
2022-08-12T01:00:00-07:00,54.2,18.6,65.6,0.2,9.3
2022-08-13T01:00:00-07:00,40.0,14.4,56.2,0.2,13.1
2022-08-14T01:00:00-07:00,76.4,26.0,66.9,2.4,0.9
2022-08-15T01:00:00-07:00,59.8,18.5,65.9,5.8,7.1
2022-08-16T01:00:00-07:00,53.3,18.7,64.1,4.4,11.2
2022-08-17T01:00:00-07:00,70.5,23.7,65.2,6.4,1.7
2022-08-18T01:00:00-07:00,57.9,11.8,37.6,20.9,0.1
2022-08-19T01:00:00-07:00,41.7,10.4,33.3,16.5,0.1
2022-08-20T01:00:00-07:00,41.6,17.6,47.2,0.4,0.5
2022-08-21T01:00:00-07:00,39.7,16.6,55.4,0.2,12.8
2022-08-22T01:00:00-07:00,33.8,9.9,63.5,0.1,24.5
2022-08-23T01:00:00-07:00,46.4,18.0,62.9,0.2,16.5
2022-08-24T01:00:00-07:00,34.7,13.1,62.0,0.1,25.1
2022-08-25T01:00:00-07:00,40.9,13.8,59.5,0.1,19.3
2022-08-26T01:00:00-07:00,33.9,17.3,21.8,3.7,0.2
2022-08-27T01:00:00-07:00,37.7,6.9,23.6,16.4,0.1
2022-08-28T01:00:00-07:00,39.9,13.4,61.2,5.6,17.6
2022-08-29T01:00:00-07:00,60.1,26.5,62.9,4.9,12.9
2022-08-30T01:00:00-07:00,55.0,19.7,59.0,4.1,5.0
2022-08-31T01:00:00-07:00,63.8,21.3,55.1,11.5,1.1
2022-09-01T01:00:00-07:00,64.0,9.1,37.8,27.5,0.1
2022-09-02T01:00:00-07:00,79.7,18.4,55.9,26.2,0.1
2022-09-03T01:00:00-07:00,20.4,5.1,22.5,8.2,0.1
2022-09-04T01:00:00-07:00,20.0,10.3,33.6,0.1,6.8
2022-09-05T01:00:00-07:00,19.0,8.3,55.9,0.1,32.4
2022-09-06T01:00:00-07:00,29.1,12.9,60.0,0.1,35.5
2022-09-07T01:00:00-07:00,56.7,4.2,59.3,27.4,18.7
2022-09-08T01:00:00-07:00,27.2,1.0,60.5,14.3,47.2
2022-09-09T01:00:00-07:00,28.5,0.9,46.3,14.5,31.7
2022-09-10T01:00:00-07:00,41.9,1.9,52.2,24.1,33.3
2022-09-11T01:00:00-07:00,79.5,23.4,27.7,33.1,0.2
2022-09-12T01:00:00-07:00,41.5,19.9,44.6,3.9,3.8
2022-09-13T01:00:00-07:00,41.2,12.3,31.5,10.8,0.1
2022-09-14T01:00:00-07:00,35.9,16.6,33.2,5.9,0.1
2022-09-15T01:00:00-07:00,37.6,5.5,21.8,15.8,0.1
2022-09-16T01:00:00-07:00,25.8,8.0,30.3,5.0,0.2
2022-09-17T01:00:00-07:00,24.0,9.8,42.1,0.2,7.5
2022-09-18T01:00:00-07:00,29.6,14.3,52.1,0.1,28.3
2022-09-19T01:00:00-07:00,44.2,23.8,52.3,0.2,11.4
2022-09-20T01:00:00-07:00,36.2,12.6,52.2,0.2,4.4
2022-09-21T01:00:00-07:00,21.7,12.1,46.4,0.1,22.8
2022-09-22T01:00:00-07:00,15.5,10.1,23.1,0.2,3.0
2022-09-23T01:00:00-07:00,42.5,24.5,35.0,0.3,7.2
2022-09-24T01:00:00-07:00,36.3,17.1,49.5,4.2,11.2
2022-09-25T01:00:00-07:00,50.7,20.1,47.8,7.7,1.8
2022-09-26T01:00:00-07:00,56.7,24.4,43.7,17.8,6.8
2022-09-27T01:00:00-07:00,46.8,20.1,43.7,7.1,1.5
2022-09-28T01:00:00-07:00,56.3,4.7,16.5,41.0,0.0
2022-09-29T01:00:00-07:00,27.1,11.6,38.3,4.9,5.1
2022-09-30T01:00:00-07:00,30.8,14.9,34.7,0.2,1.3
2022-10-01T01:00:00-07:00,27.7,12.0,43.4,0.2,12.6
2022-10-02T01:00:00-07:00,29.4,13.8,41.8,0.2,11.6
2022-10-03T01:00:00-07:00,31.2,20.7,41.5,0.2,16.0
2022-10-04T01:00:00-07:00,13.7,6.4,16.4,2.1,0.1
2022-10-05T01:00:00-07:00,17.3,11.9,15.9,0.8,0.1
2022-10-06T01:00:00-07:00,24.2,13.1,37.6,1.0,5.4
2022-10-07T01:00:00-07:00,43.4,25.7,37.5,0.3,2.2
2022-10-08T01:00:00-07:00,49.5,13.1,38.3,13.0,0.2
2022-10-09T01:00:00-07:00,33.3,12.3,39.1,4.9,0.7
2022-10-10T01:00:00-07:00,26.0,19.3,31.4,0.2,5.9
2022-10-11T01:00:00-07:00,27.8,16.5,41.3,0.5,8.5
2022-10-12T01:00:00-07:00,39.1,20.6,40.2,0.2,3.8
2022-10-13T01:00:00-07:00,26.9,13.2,38.9,2.0,4.8
2022-10-14T01:00:00-07:00,39.1,20.7,39.6,0.2,5.2
2022-10-15T01:00:00-07:00,23.5,12.8,35.3,0.2,3.4
2022-10-16T01:00:00-07:00,35.1,17.9,37.9,0.2,6.2
2022-10-17T01:00:00-07:00,18.7,10.0,34.5,0.1,5.4
2022-10-18T01:00:00-07:00,21.6,10.3,34.6,0.1,10.1
2022-10-19T01:00:00-07:00,20.5,13.5,28.0,0.2,10.3
2022-10-20T01:00:00-07:00,24.4,19.0,15.8,0.2,0.2
2022-10-21T01:00:00-07:00,18.0,1.4,4.2,14.2,0.0
2022-10-22T01:00:00-07:00,28.6,6.6,14.1,15.9,0.1
2022-10-23T01:00:00-07:00,25.2,12.8,20.2,7.4,0.1
2022-10-24T01:00:00-07:00,16.2,4.9,10.1,6.9,0.1
2022-10-25T01:00:00-07:00,48.2,0.0,6.4,42.6,0.0
2022-10-26T01:00:00-07:00,18.1,7.2,18.1,4.7,0.1
2022-10-27T01:00:00-07:00,18.3,8.7,30.9,2.1,1.1
2022-10-28T01:00:00-07:00,15.6,11.2,15.7,0.2,0.1
2022-10-29T01:00:00-07:00,21.6,12.9,21.5,0.2,0.2
2022-10-30T01:00:00-07:00,18.8,12.7,9.7,0.2,0.2
2022-10-31T01:00:00-07:00,13.8,1.2,4.0,10.2,0.0
2022-11-01T01:00:00-07:00,15.0,5.5,22.8,5.1,0.1
2022-11-02T01:00:00-07:00,20.7,15.7,13.1,0.1,0.1
2022-11-03T01:00:00-07:00,19.0,2.1,4.0,14.1,0.1
2022-11-04T01:00:00-07:00,17.2,0.1,2.9,15.0,0.0
2022-11-05T01:00:00-07:00,30.3,16.4,25.1,7.6,0.2
2022-11-06T01:00:00-07:00,35.0,0.0,7.2,27.8,0.0
2022-11-07T01:00:00-08:00,22.9,2.3,7.6,16.3,0.0
2022-11-08T01:00:00-08:00,34.8,16.8,27.5,11.6,0.2
2022-11-09T01:00:00-08:00,33.4,11.6,31.0,13.0,0.1
2022-11-10T01:00:00-08:00,29.3,17.1,14.4,6.9,0.1
2022-11-11T01:00:00-08:00,21.4,3.3,7.7,14.9,0.1
2022-11-12T01:00:00-08:00,32.7,14.2,28.9,10.9,0.2
2022-11-13T01:00:00-08:00,22.1,10.8,15.4,6.1,0.2
2022-11-14T01:00:00-08:00,18.6,7.8,29.3,4.8,1.0
2022-11-15T01:00:00-08:00,21.2,14.9,29.5,0.2,6.4
2022-11-16T01:00:00-08:00,17.8,12.5,29.2,0.1,10.3
2022-11-17T01:00:00-08:00,27.0,19.9,27.5,0.2,2.7
2022-11-18T01:00:00-08:00,49.7,16.6,28.8,18.2,0.2
2022-11-19T01:00:00-08:00,29.6,12.1,28.3,9.7,3.9
2022-11-20T01:00:00-08:00,31.1,12.3,26.1,12.7,6.1
2022-11-21T01:00:00-08:00,23.7,1.7,6.4,18.0,0.1
2022-11-22T01:00:00-08:00,75.8,0.0,1.0,75.5,0.0
2022-11-23T01:00:00-08:00,19.8,6.0,11.1,10.3,0.1
2022-11-24T01:00:00-08:00,17.7,4.3,22.9,4.9,0.1
2022-11-25T01:00:00-08:00,13.5,7.5,0.9,5.2,0.1
2022-11-26T01:00:00-08:00,17.8,2.0,6.0,12.8,0.1
2022-11-27T01:00:00-08:00,21.4,6.1,21.0,8.0,0.2
2022-11-28T01:00:00-08:00,12.7,9.2,10.9,0.1,0.1
2022-11-29T01:00:00-08:00,29.8,1.9,1.9,40.3,0.0
2022-11-30T01:00:00-08:00,22.6,12.2,2.9,8.1,0.1
2022-12-01T01:00:00-08:00,35.3,8.0,14.0,22.5,0.1
2022-12-02T01:00:00-08:00,33.2,1.3,6.3,27.8,0.0
2022-12-03T01:00:00-08:00,38.0,7.0,16.5,23.0,0.1
2022-12-04T01:00:00-08:00,25.8,0.0,2.5,23.8,0.0
2022-12-05T01:00:00-08:00,25.4,1.6,5.9,20.6,0.0
2022-12-06T01:00:00-08:00,42.9,1.9,6.9,37.1,0.0
2022-12-07T01:00:00-08:00,17.5,4.2,8.6,10.2,0.1
2022-12-08T01:00:00-08:00,28.1,2.1,6.4,22.6,0.0
2022-12-09T01:00:00-08:00,35.4,1.0,6.4,30.0,0.1
2022-12-10T01:00:00-08:00,23.1,0.0,2.9,21.0,0.0
2022-12-11T01:00:00-08:00,29.0,0.0,2.4,27.3,0.0
2022-12-12T01:00:00-08:00,20.7,2.1,5.4,16.5,0.0
2022-12-13T01:00:00-08:00,17.4,0.0,2.9,15.1,0.0
2022-12-14T01:00:00-08:00,25.9,5.5,11.0,16.2,0.1
2022-12-15T01:00:00-08:00,30.1,5.9,15.1,16.2,0.1
2022-12-16T01:00:00-08:00,32.7,12.3,19.4,15.2,0.1
2022-12-17T01:00:00-08:00,35.1,0.3,2.5,33.2,0.0
2022-12-18T01:00:00-08:00,34.0,2.7,8.3,26.7,0.0
2022-12-19T01:00:00-08:00,34.9,0.0,1.8,47.5,0.0
2022-12-20T01:00:00-08:00,36.9,12.0,0.1,24.9,0.0
2022-12-21T01:00:00-08:00,50.3,0.0,0.8,50.3,0.0
2022-12-22T01:00:00-08:00,71.4,0.0,0.2,85.7,0.0
2022-12-23T01:00:00-08:00,43.6,13.8,0.0,37.7,0.1
2022-12-24T01:00:00-08:00,33.7,0.0,1.7,32.1,0.0
2022-12-25T01:00:00-08:00,47.2,0.0,4.3,43.7,0.0
2022-12-26T01:00:00-08:00,36.0,0.6,3.6,33.2,0.0
2022-12-27T01:00:00-08:00,14.2,0.7,2.8,20.3,0.0
2022-12-28T01:00:00-08:00,24.0,14.2,9.2,9.5,0.2
2022-12-29T01:00:00-08:00,23.7,1.3,4.4,19.7,0.0
2022-12-30T01:00:00-08:00,39.5,1.4,4.4,35.9,0.0
2022-12-31T01:00:00-08:00,57.6,0.0,4.5,54.0,0.0
2023-01-01T01:00:00-08:00,24.6,1.6,8.0,17.3,0.1
2023-01-02T01:00:00-08:00,26.8,6.0,12.9,15.5,0.1
2023-01-03T01:00:00-08:00,25.0,5.2,11.1,14.9,0.1
2023-01-04T01:00:00-08:00,18.9,3.2,8.5,11.3,0.1
2023-01-05T01:00:00-08:00,13.5,0.3,2.7,11.5,0.0
2023-01-06T01:00:00-08:00,15.5,2.7,7.1,9.6,0.1
2023-01-07T01:00:00-08:00,13.2,0.0,2.3,11.4,0.0
2023-01-08T01:00:00-08:00,19.8,0.0,2.8,18.0,0.0
2023-01-09T01:00:00-08:00,15.9,1.2,4.0,12.4,0.0
2023-01-10T01:00:00-08:00,25.9,7.5,22.2,6.4,1.2
2023-01-11T01:00:00-08:00,16.2,6.7,18.2,4.6,4.6
2023-01-12T01:00:00-08:00,31.2,0.4,2.0,28.9,0.0
2023-01-13T01:00:00-08:00,17.3,0.0,3.5,14.8,0.0
2023-01-14T01:00:00-08:00,30.5,12.1,19.9,11.4,4.3
2023-01-15T01:00:00-08:00,26.2,0.5,4.1,22.8,0.0
2023-01-16T01:00:00-08:00,27.3,12.3,23.5,7.1,0.9
2023-01-17T01:00:00-08:00,33.0,6.0,8.1,22.9,0.1
2023-01-18T01:00:00-08:00,26.4,0.0,2.5,24.2,0.0
2023-01-19T01:00:00-08:00,29.7,4.4,11.2,19.7,0.1
2023-01-20T01:00:00-08:00,39.5,7.0,17.2,23.6,0.1
2023-01-21T01:00:00-08:00,55.3,0.0,4.5,51.2,0.0
2023-01-22T01:00:00-08:00,44.3,1.9,10.8,34.5,0.1
2023-01-23T01:00:00-08:00,25.4,10.1,19.3,10.1,0.1
2023-01-24T01:00:00-08:00,36.4,1.9,3.1,32.0,0.1
2023-01-25T01:00:00-08:00,43.4,1.2,7.2,37.1,0.0
2023-01-26T01:00:00-08:00,42.9,0.6,5.9,37.7,0.0
2023-01-27T01:00:00-08:00,23.3,7.5,13.7,11.3,0.1
2023-01-28T01:00:00-08:00,23.1,3.0,11.9,12.0,0.1
2023-01-29T01:00:00-08:00,32.4,12.4,32.7,8.6,4.1
2023-01-30T01:00:00-08:00,49.9,14.5,29.3,22.4,0.1
2023-01-31T01:00:00-08:00,24.2,6.2,10.7,12.6,0.1
2023-02-01T01:00:00-08:00,20.8,7.6,21.0,6.9,0.1
2023-02-02T01:00:00-08:00,25.1,14.6,27.5,0.2,0.3
2023-02-03T01:00:00-08:00,15.3,5.4,3.9,6.7,0.1
2023-02-04T01:00:00-08:00,16.6,3.0,7.4,10.2,0.1
2023-02-05T01:00:00-08:00,21.4,2.0,6.8,15.5,0.1
2023-02-06T01:00:00-08:00,14.5,3.4,8.6,7.1,0.1
2023-02-07T01:00:00-08:00,14.4,4.6,9.9,5.9,0.1
2023-02-08T01:00:00-08:00,19.6,4.8,22.9,6.6,0.1
2023-02-09T01:00:00-08:00,18.1,13.3,14.2,0.2,0.1
2023-02-10T01:00:00-08:00,29.9,15.8,24.5,4.8,0.3
2023-02-11T01:00:00-08:00,32.6,14.6,30.3,10.6,5.9
2023-02-12T01:00:00-08:00,35.8,7.9,24.0,13.0,0.1
2023-02-13T01:00:00-08:00,31.5,6.0,13.0,19.3,0.0
2023-02-14T01:00:00-08:00,34.5,12.6,32.5,9.2,0.1
2023-02-15T01:00:00-08:00,43.5,16.0,35.3,9.3,0.2
2023-02-16T01:00:00-08:00,31.7,7.7,11.4,17.4,0.1
2023-02-17T01:00:00-08:00,25.4,1.7,5.8,20.7,0.0
2023-02-18T01:00:00-08:00,20.0,4.3,9.3,11.9,0.1
2023-02-19T01:00:00-08:00,22.0,0.4,5.0,17.5,0.0
2023-02-20T01:00:00-08:00,23.0,1.0,5.5,18.6,0.0
2023-02-21T01:00:00-08:00,26.8,9.2,27.2,10.0,0.1
2023-02-22T01:00:00-08:00,32.6,18.3,22.9,3.6,0.1
2023-02-23T01:00:00-08:00,43.7,8.0,34.2,17.1,0.1
2023-02-24T01:00:00-08:00,52.9,24.4,45.1,6.0,0.2
2023-02-25T01:00:00-08:00,39.1,20.0,28.3,8.3,0.3
2023-02-26T01:00:00-08:00,37.8,13.0,22.9,16.0,0.2
2023-02-27T01:00:00-08:00,21.1,2.7,9.0,12.9,0.1
2023-02-28T01:00:00-08:00,24.1,8.0,18.0,8.1,0.2
2023-03-01T01:00:00-08:00,38.3,13.8,23.6,16.7,0.1
2023-03-02T01:00:00-08:00,29.9,7.9,22.4,15.1,0.2
2023-03-03T01:00:00-08:00,19.9,10.2,12.6,3.2,0.2
2023-03-04T01:00:00-08:00,22.9,2.0,6.2,17.7,0.1
2023-03-05T01:00:00-08:00,28.7,7.8,34.1,8.7,0.1
2023-03-06T01:00:00-08:00,30.6,11.5,36.2,0.2,0.2
2023-03-07T01:00:00-08:00,43.8,14.9,43.2,0.2,0.2
2023-03-08T01:00:00-08:00,17.0,12.6,21.4,0.1,1.2
2023-03-09T01:00:00-08:00,26.4,17.4,18.7,0.3,0.3
2023-03-10T01:00:00-08:00,39.1,8.5,14.8,21.0,0.2
2023-03-11T01:00:00-08:00,28.7,10.0,30.8,9.0,0.1
2023-03-12T01:00:00-08:00,30.2,12.6,14.4,8.5,0.1
2023-03-13T01:00:00-07:00,34.9,4.8,16.5,19.7,0.2
2023-03-14T01:00:00-07:00,42.0,17.6,43.2,6.5,1.0
2023-03-15T01:00:00-07:00,45.2,21.4,38.7,8.4,0.2
2023-03-16T01:00:00-07:00,24.5,12.4,49.9,4.5,20.0
2023-03-17T01:00:00-07:00,24.4,11.8,47.0,0.2,15.9
2023-03-18T01:00:00-07:00,17.6,10.7,49.8,0.1,29.0
2023-03-19T01:00:00-07:00,9.9,5.5,23.4,0.1,12.6
2023-03-20T01:00:00-07:00,13.8,9.4,23.7,0.1,8.7
2023-03-21T01:00:00-07:00,48.0,15.1,44.8,0.3,0.8
2023-03-22T01:00:00-07:00,28.0,8.5,53.9,0.1,19.8
2023-03-23T01:00:00-07:00,21.1,13.8,20.3,0.2,3.5
2023-03-24T01:00:00-07:00,21.9,14.7,18.2,0.2,0.2
2023-03-25T01:00:00-07:00,39.1,14.4,46.6,10.0,7.2
2023-03-26T01:00:00-07:00,28.8,13.8,47.3,0.2,14.7
2023-03-27T01:00:00-07:00,27.1,11.6,57.7,0.1,27.1
2023-03-28T01:00:00-07:00,32.7,19.1,35.0,0.3,9.7
2023-03-29T01:00:00-07:00,38.4,22.4,46.8,0.3,8.0
2023-03-30T01:00:00-07:00,27.8,12.6,41.3,2.7,6.1
2023-03-31T01:00:00-07:00,19.1,10.3,16.9,0.2,0.2
2023-04-01T01:00:00-07:00,13.5,7.5,35.8,0.2,13.7
2023-04-02T01:00:00-07:00,35.4,14.2,38.2,0.3,1.0
2023-04-03T01:00:00-07:00,23.8,10.9,36.8,0.2,11.5
2023-04-04T01:00:00-07:00,17.1,10.1,59.3,0.1,41.5
2023-04-05T01:00:00-07:00,25.3,14.0,44.2,0.2,16.3
2023-04-06T01:00:00-07:00,20.3,12.4,16.4,0.2,0.2
2023-04-07T01:00:00-07:00,25.9,12.0,44.7,0.2,12.3
2023-04-08T01:00:00-07:00,28.2,16.4,23.1,0.3,0.3
2023-04-09T01:00:00-07:00,11.5,7.0,13.4,0.2,0.2
2023-04-10T01:00:00-07:00,17.3,10.3,14.2,0.2,0.2
2023-04-11T01:00:00-07:00,37.0,8.3,51.6,5.2,3.8
2023-04-12T01:00:00-07:00,17.1,9.8,67.8,0.1,49.2
2023-04-13T01:00:00-07:00,22.6,14.5,38.9,0.2,20.7
2023-04-14T01:00:00-07:00,28.8,12.4,61.1,0.1,25.9
2023-04-15T01:00:00-07:00,22.9,10.5,22.9,0.2,0.2
2023-04-16T01:00:00-07:00,19.9,11.0,32.1,0.2,11.6
2023-04-17T01:00:00-07:00,21.4,12.7,29.0,0.2,3.7
2023-04-18T01:00:00-07:00,24.0,14.3,48.3,0.2,21.5
2023-04-19T01:00:00-07:00,24.4,11.7,62.6,0.2,36.2
2023-04-20T01:00:00-07:00,21.5,12.7,16.0,0.2,0.2
2023-04-21T01:00:00-07:00,25.7,13.4,28.0,0.3,0.2
2023-04-22T01:00:00-07:00,17.0,9.0,34.6,0.2,11.8
2023-04-23T01:00:00-07:00,24.2,10.8,31.0,0.2,3.5
2023-04-24T01:00:00-07:00,31.0,18.8,35.3,0.3,11.1
2023-04-25T01:00:00-07:00,21.7,11.2,49.3,0.2,18.4
2023-04-26T01:00:00-07:00,41.9,12.9,59.7,0.2,18.6
2023-04-27T01:00:00-07:00,31.1,12.7,69.6,0.2,38.0
2023-04-28T01:00:00-07:00,30.7,13.0,70.9,0.1,37.5
2023-04-29T01:00:00-07:00,25.8,9.2,70.4,0.1,39.1
2023-04-30T01:00:00-07:00,9.4,4.3,25.7,0.1,12.1
2023-05-01T01:00:00-07:00,9.8,5.5,18.8,0.1,9.0
2023-05-02T01:00:00-07:00,9.0,4.2,58.9,0.1,47.7
2023-05-03T01:00:00-07:00,16.4,5.0,68.1,0.1,51.4
2023-05-04T01:00:00-07:00,8.9,4.7,22.5,0.1,12.1
2023-05-05T01:00:00-07:00,9.0,4.9,10.5,0.1,0.1
2023-05-06T01:00:00-07:00,13.8,8.7,47.5,0.1,33.5
2023-05-07T01:00:00-07:00,55.5,17.7,60.5,0.2,13.5
2023-05-08T01:00:00-07:00,46.3,12.9,67.3,0.2,10.8
2023-05-09T01:00:00-07:00,35.7,12.8,59.1,0.3,24.0
2023-05-10T01:00:00-07:00,31.1,15.9,73.4,0.1,41.0
2023-05-11T01:00:00-07:00,42.7,22.4,71.8,0.1,36.8
2023-05-12T01:00:00-07:00,47.3,10.3,72.2,3.7,16.2
2023-05-13T01:00:00-07:00,30.2,11.9,72.6,0.1,39.7
2023-05-14T01:00:00-07:00,42.3,14.9,71.5,0.1,31.7
2023-05-15T01:00:00-07:00,63.6,24.2,61.9,4.2,0.2
2023-05-16T01:00:00-07:00,53.1,15.2,61.1,0.2,5.3
2023-05-17T01:00:00-07:00,30.7,7.3,60.8,0.1,23.4
2023-05-18T01:00:00-07:00,41.1,13.7,63.7,0.1,25.5
2023-05-19T01:00:00-07:00,37.5,12.2,64.3,0.2,24.6
2023-05-20T01:00:00-07:00,40.9,16.5,68.5,0.2,27.0
2023-05-21T01:00:00-07:00,27.2,18.9,20.2,0.2,0.2
2023-05-22T01:00:00-07:00,23.6,9.6,33.0,5.9,2.3
2023-05-23T01:00:00-07:00,26.3,9.1,62.9,0.1,31.9
2023-05-24T01:00:00-07:00,81.8,24.8,72.6,1.0,5.6
2023-05-25T01:00:00-07:00,61.3,8.5,72.7,10.7,6.4
2023-05-26T01:00:00-07:00,44.9,8.9,72.8,0.2,23.7
2023-05-27T01:00:00-07:00,28.0,7.2,49.1,0.1,20.1
2023-05-28T01:00:00-07:00,27.1,6.9,52.6,0.1,23.9
2023-05-29T01:00:00-07:00,23.9,8.8,40.7,0.1,16.3
2023-05-30T01:00:00-07:00,22.3,9.6,51.5,0.1,27.8
2023-05-31T01:00:00-07:00,29.2,10.9,45.8,0.3,15.7
2023-06-01T01:00:00-07:00,30.4,5.5,68.1,0.1,33.2
2023-06-02T01:00:00-07:00,32.3,10.5,74.2,0.1,45.7
2023-06-03T01:00:00-07:00,40.5,7.0,74.9,0.1,29.4
2023-06-04T01:00:00-07:00,32.1,11.2,79.1,0.1,48.9
2023-06-05T01:00:00-07:00,32.3,11.8,78.5,0.1,45.3
2023-06-06T01:00:00-07:00,39.5,14.1,75.4,0.2,37.3
2023-06-07T01:00:00-07:00,49.5,17.6,65.9,0.2,15.9
2023-06-08T01:00:00-07:00,45.0,17.5,68.3,0.1,20.9
2023-06-09T01:00:00-07:00,17.2,9.8,10.1,0.2,0.2
2023-06-10T01:00:00-07:00,27.4,7.9,24.4,4.2,0.1
2023-06-11T01:00:00-07:00,34.7,7.5,69.9,2.4,22.9
2023-06-12T01:00:00-07:00,36.1,7.7,72.5,0.1,32.4
2023-06-13T01:00:00-07:00,19.4,10.7,16.3,0.2,0.2
2023-06-14T01:00:00-07:00,26.4,8.7,51.1,0.2,19.4
2023-06-15T01:00:00-07:00,21.5,5.1,72.4,0.1,46.6
2023-06-16T01:00:00-07:00,32.8,16.0,38.4,0.2,14.6
2023-06-17T01:00:00-07:00,35.8,8.2,13.7,16.0,0.1
2023-06-18T01:00:00-07:00,16.8,3.6,43.1,3.0,10.4
2023-06-19T01:00:00-07:00,37.0,14.1,41.4,0.2,7.3
2023-06-20T01:00:00-07:00,28.3,14.0,24.3,0.2,0.2
2023-06-21T01:00:00-07:00,53.4,22.9,60.7,0.2,4.9
2023-06-22T01:00:00-07:00,59.7,17.4,72.2,0.2,6.9
2023-06-23T01:00:00-07:00,46.4,11.1,72.0,0.2,22.0
2023-06-24T01:00:00-07:00,39.5,14.8,56.4,0.2,13.5
2023-06-25T01:00:00-07:00,31.7,8.0,72.3,0.1,38.6
2023-06-26T01:00:00-07:00,41.2,17.8,63.6,0.1,30.1
2023-06-27T01:00:00-07:00,42.8,11.2,57.7,0.4,5.0
2023-06-28T01:00:00-07:00,46.4,10.8,67.1,0.3,20.3
2023-06-29T01:00:00-07:00,32.6,10.3,72.3,0.2,38.4
2023-06-30T01:00:00-07:00,31.3,12.3,73.6,0.3,42.3
2023-07-01T01:00:00-07:00,53.8,14.1,73.7,0.2,15.1
2023-07-02T01:00:00-07:00,44.0,10.7,75.3,0.1,29.5
2023-07-03T01:00:00-07:00,44.7,25.2,17.3,17.1,2.4
2023-07-04T01:00:00-07:00,50.8,8.7,31.6,21.0,0.1
2023-07-05T01:00:00-07:00,68.6,21.1,68.4,3.4,0.5
2023-07-06T01:00:00-07:00,36.0,9.1,68.1,4.5,23.8
2023-07-07T01:00:00-07:00,48.4,12.7,54.6,0.2,1.0
2023-07-08T01:00:00-07:00,50.0,13.4,58.5,0.2,10.6
2023-07-09T01:00:00-07:00,41.5,9.4,68.1,0.2,20.4
2023-07-10T01:00:00-07:00,23.9,11.0,28.3,0.1,6.5
2023-07-11T01:00:00-07:00,35.6,5.7,67.6,0.1,25.9
2023-07-12T01:00:00-07:00,35.8,9.2,63.2,0.1,29.3
2023-07-13T01:00:00-07:00,39.0,9.3,71.7,0.1,31.6
2023-07-14T01:00:00-07:00,42.4,9.4,71.9,0.1,27.9
2023-07-15T01:00:00-07:00,44.4,7.5,70.9,0.1,23.5
2023-07-16T01:00:00-07:00,41.9,13.7,64.4,0.1,25.7
2023-07-17T01:00:00-07:00,37.7,6.5,62.6,0.2,16.9
2023-07-18T01:00:00-07:00,35.6,9.1,64.9,0.4,16.9
2023-07-19T01:00:00-07:00,40.8,13.1,71.5,0.1,30.7
2023-07-20T01:00:00-07:00,50.8,18.2,67.5,0.1,17.9
2023-07-21T01:00:00-07:00,37.3,10.9,51.9,0.2,6.7
2023-07-22T01:00:00-07:00,24.9,10.9,62.4,0.1,36.0
2023-07-23T01:00:00-07:00,30.7,8.7,70.1,0.1,38.3
2023-07-24T01:00:00-07:00,15.8,6.8,26.0,0.1,6.1
2023-07-25T01:00:00-07:00,20.3,6.3,53.4,0.1,30.8
2023-07-26T01:00:00-07:00,25.0,7.5,72.7,0.1,47.4
2023-07-27T01:00:00-07:00,72.5,24.4,70.3,0.3,4.5
2023-07-28T01:00:00-07:00,54.1,16.8,68.5,0.2,4.9
2023-07-29T01:00:00-07:00,28.4,8.7,52.0,0.1,14.7
2023-07-30T01:00:00-07:00,35.2,12.7,62.4,0.1,22.2
2023-07-31T01:00:00-07:00,46.1,17.7,70.6,0.1,28.6
2023-08-01T01:00:00-07:00,36.8,11.7,70.5,0.1,26.8
2023-08-02T01:00:00-07:00,46.3,13.3,69.2,0.2,24.5
2023-08-03T01:00:00-07:00,46.0,23.1,69.0,0.2,26.7
2023-08-04T01:00:00-07:00,40.9,14.3,66.4,0.1,17.2
2023-08-05T01:00:00-07:00,22.0,15.9,13.4,0.2,0.2
2023-08-06T01:00:00-07:00,27.4,10.3,42.7,0.2,0.2
2023-08-07T01:00:00-07:00,40.4,21.0,36.5,0.2,0.2
2023-08-08T01:00:00-07:00,46.5,11.7,56.3,0.2,0.2
2023-08-09T01:00:00-07:00,42.4,23.5,27.1,0.2,0.2
2023-08-10T01:00:00-07:00,27.1,11.6,32.0,0.3,0.3
2023-08-11T01:00:00-07:00,34.7,11.2,65.2,0.1,13.1
2023-08-12T01:00:00-07:00,28.3,8.9,65.3,0.1,30.8
2023-08-13T01:00:00-07:00,34.3,9.3,65.1,0.1,31.0
2023-08-14T01:00:00-07:00,40.4,12.1,64.3,0.1,23.4
2023-08-15T01:00:00-07:00,47.2,16.7,65.4,0.1,20.7
2023-08-16T01:00:00-07:00,64.8,20.6,64.7,0.2,0.3
2023-08-17T01:00:00-07:00,55.2,16.7,61.9,0.2,0.2
2023-08-18T01:00:00-07:00,42.5,12.8,49.9,0.3,0.3
2023-08-19T01:00:00-07:00,59.7,11.7,63.3,0.2,1.0
2023-08-20T01:00:00-07:00,41.0,9.7,51.9,0.2,8.0
2023-08-21T01:00:00-07:00,41.2,9.4,51.2,0.2,9.4
2023-08-22T01:00:00-07:00,32.6,16.4,44.9,0.2,12.7
2023-08-23T01:00:00-07:00,18.5,7.3,50.9,0.1,23.4
2023-08-24T01:00:00-07:00,17.7,4.9,59.6,0.1,40.5
2023-08-25T01:00:00-07:00,20.2,5.3,39.7,0.1,18.0
2023-08-26T01:00:00-07:00,24.5,6.6,56.2,0.1,31.4
2023-08-27T01:00:00-07:00,28.7,6.9,56.4,0.1,25.8
2023-08-28T01:00:00-07:00,13.6,8.5,12.1,0.1,0.1
2023-08-29T01:00:00-07:00,27.7,22.8,6.3,0.3,0.3
2023-08-30T01:00:00-07:00,29.9,9.0,38.9,4.3,0.2
2023-08-31T01:00:00-07:00,24.5,10.3,39.3,0.2,0.2
